,precio,distrito,tamaÃ±o,BazaarID,CoorX,CoorY,ParcelID,Geo
0,24000.0,1,1,149844,4200,3088,{'id': '88'},"[4200, 3088]"
1,1500.0,1,0,157432,4192,3144,{'id': '91'},"[4192, 3144]"
2,1949.0,1,0,150552,4192,3216,{'id': '103'},"[4192, 3216]"
3,2640.0,1,1,150381,4184,3192,{'id': '106'},"[4184, 3192]"
4,4000.0,1,1,150370,4200,3064,{'id': '109'},"[4200, 3064]"
5,4000.0,1,1,150368,4200,3040,{'id': '120'},"[4200, 3040]"
6,999.0,1,0,156303,4176,3112,{'id': '128'},"[4176, 3112]"
7,8821.0,1,1,152838,4200,3300,{'id': '139'},"[4200, 3300]"
8,2400.0,1,1,154001,4200,3020,{'id': '140'},"[4200, 3020]"
9,2999.0000000000005,1,0,151049,4160,3128,{'id': '156'},"[4160, 3128]"
10,1555.0,1,0,151280,4160,3096,{'id': '168'},"[4160, 3096]"
11,1200.0,1,0,149705,4160,3080,{'id': '176'},"[4160, 3080]"
12,1800.0,1,0,152051,4160,3264,{'id': '189'},"[4160, 3264]"
13,1900.0,1,0,152254,4160,3064,{'id': '190'},"[4160, 3064]"
14,2050.0,1,1,153485,4136,3184,{'id': '195'},"[4136, 3184]"
15,999.0,1,0,156302,4144,3096,{'id': '208'},"[4144, 3096]"
16,5000.0,1,0,151013,4144,3248,{'id': '216'},"[4144, 3248]"
17,1200.0,1,0,149702,4128,3172,{'id': '223'},"[4128, 3172]"
18,1200.0,1,0,149695,4160,3296,{'id': '226'},"[4160, 3296]"
19,1200.0,1,0,149688,4160,3032,{'id': '227'},"[4160, 3032]"
20,1700.0,1,0,149305,4144,3064,{'id': '234'},"[4144, 3064]"
21,5000.0,1,0,151012,4160,3308,{'id': '242'},"[4160, 3308]"
22,2000.0,1,0,156817,4160,3020,{'id': '243'},"[4160, 3020]"
23,6000.0,1,1,149336,4176,3340,{'id': '251'},"[4176, 3340]"
24,3111.0000000000005,1,0,151052,4144,3032,{'id': '261'},"[4144, 3032]"
25,1999.0,1,0,151031,4112,3172,{'id': '266'},"[4112, 3172]"
26,4000.0,1,0,153181,4144,3308,{'id': '278'},"[4144, 3308]"
27,1200.0,1,0,150860,4160,2976,{'id': '299'},"[4160, 2976]"
28,6000.0,1,1,153458,4200,3408,{'id': '309'},"[4200, 3408]"
29,5000.0,1,1,157828,4200,2912,{'id': '310'},"[4200, 2912]"
30,4000.0,1,0,153182,4144,3340,{'id': '314'},"[4144, 3340]"
31,800.0,1,0,155971,4160,2960,{'id': '329'},"[4160, 2960]"
32,2999.0000000000005,1,0,156141,4144,2976,{'id': '339'},"[4144, 2976]"
33,4849.999999999999,1,1,155425,4176,3408,{'id': '376'},"[4176, 3408]"
34,1200.0,1,0,154021,4160,2928,{'id': '405'},"[4160, 2928]"
35,1000.0,1,0,154072,4144,3400,{'id': '457'},"[4144, 3400]"
36,20999.999999999996,1,0,149832,4192,3448,{'id': '461'},"[4192, 3448]"
37,2000.0,1,0,153178,4068,3048,{'id': '467'},"[4068, 3048]"
38,1963.0,1,0,151038,4204,2838,{'id': '563'},"[4204, 2838]"
39,1997.0,1,0,151037,4216,2826,{'id': '577'},"[4216, 2826]"
40,72000000.0,1,0,150684,4020,3096,{'id': '581'},"[4020, 3096]"
41,1888.0,1,1,153998,4128,2882,{'id': '606'},"[4128, 2882]"
42,1420.0,1,1,156030,4112,3432,{'id': '628'},"[4112, 3432]"
43,999999.0,1,1,152315,4012,3280,{'id': '639'},"[4012, 3280]"
44,66666.0,1,1,149772,4128,2862,{'id': '666'},"[4128, 2862]"
45,46368.0,1,2,152536,3996,3004,{'id': '677'},"[3996, 3004]"
46,2000.0,1,1,154675,3992,3280,{'id': '704'},"[3992, 3280]"
47,3300.0,1,1,155420,4088,3456,{'id': '781'},"[4088, 3456]"
48,3100.0,1,1,155416,4112,3480,{'id': '785'},"[4112, 3480]"
49,19000.000000000004,1,2,157871,3996,3328,{'id': '788'},"[3996, 3328]"
50,28657.000000000004,1,2,152526,3996,2936,{'id': '805'},"[3996, 2936]"
51,9902.0,1,2,152523,3960,3004,{'id': '819'},"[3960, 3004]"
52,3468.9999999999995,1,1,155424,3944,3208,{'id': '838'},"[3944, 3208]"
53,1250.0,1,1,149712,3944,3112,{'id': '839'},"[3944, 3112]"
54,1000.0,1,0,157524,4160,3544,{'id': '892'},"[4160, 3544]"
55,3420.0,1,1,155423,3920,3208,{'id': '910'},"[3920, 3208]"
56,3000.0,1,1,151443,4200,2744,{'id': '919'},"[4200, 2744]"
57,800.0,1,0,155188,4160,3560,{'id': '958'},"[4160, 3560]"
58,121393.0,1,2,152530,3996,2864,{'id': '1000'},"[3996, 2864]"
59,9901.0,1,2,152517,3920,2936,{'id': '1117'},"[3920, 2936]"
60,2500.0,1,0,153857,4080,3560,{'id': '1246'},"[4080, 3560]"
61,800.0,1,0,156022,4068,2768,{'id': '1298'},"[4068, 2768]"
62,1000.0,1,0,150377,4160,3640,{'id': '1430'},"[4160, 3640]"
63,800.0,1,0,156025,4160,2688,{'id': '1431'},"[4160, 2688]"
64,8499.0,1,0,152056,4080,3592,{'id': '1439'},"[4080, 3592]"
65,1200.0,1,1,154554,4112,3624,{'id': '1515'},"[4112, 3624]"
66,4200.0,1,2,153997,3792,3188,{'id': '1561'},"[3792, 3188]"
67,1200.0,1,1,157104,4088,2696,{'id': '1616'},"[4088, 2696]"
68,3100.0,1,1,155422,4112,3648,{'id': '1659'},"[4112, 3648]"
69,5911.0,1,0,151522,3904,3504,{'id': '1728'},"[3904, 3504]"
70,2420.0,1,0,153370,3896,3496,{'id': '1730'},"[3896, 3496]"
71,8808.0,1,2,150708,3792,3328,{'id': '1732'},"[3792, 3328]"
72,3000.0,1,0,153005,3888,3488,{'id': '1738'},"[3888, 3488]"
73,1399.0,1,1,150808,4068,3648,{'id': '1760'},"[4068, 3648]"
74,3000.0,1,0,153006,3880,3496,{'id': '1776'},"[3880, 3496]"
75,2576.9999999999995,1,2,157842,3752,3008,{'id': '1782'},"[3752, 3008]"
76,11000.0,1,2,156542,3920,3544,{'id': '1811'},"[3920, 3544]"
77,8800.0,1,2,150700,3792,3400,{'id': '1838'},"[3792, 3400]"
78,4000.0,1,2,157657,3752,3328,{'id': '1840'},"[3752, 3328]"
79,3000.0,1,0,153003,3880,3528,{'id': '1842'},"[3880, 3528]"
80,9669.0,1,2,153189,3716,3256,{'id': '1864'},"[3716, 3256]"
81,350000.0,1,1,149907,4112,3720,{'id': '1907'},"[4112, 3720]"
82,8969.0,1,2,153191,3716,3328,{'id': '1939'},"[3716, 3328]"
83,4900.0,1,2,155962,3752,2864,{'id': '1957'},"[3752, 2864]"
84,3368.9999999999995,1,1,155426,4184,3768,{'id': '1979'},"[4184, 3768]"
85,3500.0,1,2,156461,3792,2792,{'id': '1992'},"[3792, 2792]"
86,2000.0,1,0,151422,3832,3544,{'id': '2000'},"[3832, 3544]"
87,1940.0,1,1,150363,4112,3744,{'id': '2005'},"[4112, 3744]"
88,10000.0,1,2,156543,3716,3400,{'id': '2081'},"[3716, 3400]"
89,888.0,1,0,151139,3904,2696,{'id': '2107'},"[3904, 2696]"
90,14000.0,1,2,151274,3716,2864,{'id': '2116'},"[3716, 2864]"
91,274.99,1,0,157869,3656,3080,{'id': '2121'},"[3656, 3080]"
92,850.0,1,0,152617,3656,3264,{'id': '2126'},"[3656, 3264]"
93,295.0,1,0,157070,3656,3064,{'id': '2127'},"[3656, 3064]"
94,274.99,1,0,157870,3668,3016,{'id': '2131'},"[3668, 3016]"
95,387.0,1,0,157647,3668,3328,{'id': '2150'},"[3668, 3328]"
96,650.0,1,0,157653,3880,2704,{'id': '2156'},"[3880, 2704]"
97,1000.0,1,0,149855,3656,3032,{'id': '2163'},"[3656, 3032]"
98,275.0,1,0,157682,3656,3016,{'id': '2186'},"[3656, 3016]"
99,3150000.0,1,2,152330,3880,3612,{'id': '2187'},"[3880, 3612]"
100,1401.0,1,0,153169,3668,3360,{'id': '2201'},"[3668, 3360]"
101,600.0,1,0,156013,3656,3344,{'id': '2226'},"[3656, 3344]"
102,10000.0,1,0,148731,3832,2720,{'id': '2258'},"[3832, 2720]"
103,7992.0,1,2,150715,3716,3472,{'id': '2290'},"[3716, 3472]"
104,3150000.0,1,2,152329,3716,2792,{'id': '2310'},"[3716, 2792]"
105,700.0,1,0,156019,3668,3424,{'id': '2337'},"[3668, 3424]"
106,2868.9999999999995,1,3,154755,3584,3000,{'id': '2368'},"[3584, 3000]"
107,9999.0,1,3,155402,4152,3844,{'id': '2454'},"[4152, 3844]"
108,51000.0,1,3,151032,4144,2460,{'id': '2472'},"[4144, 2460]"
109,2750.0,1,0,155973,3656,3488,{'id': '2495'},"[3656, 3488]"
110,3750.0,1,3,157640,3512,3116,{'id': '2548'},"[3512, 3116]"
111,829.0,1,1,157692,3632,2816,{'id': '2623'},"[3632, 2816]"
112,1500.0,1,0,149256,4152,3880,{'id': '2638'},"[4152, 3880]"
113,3299.0000000000005,1,3,156296,3584,3464,{'id': '2641'},"[3584, 3464]"
114,3600.0,1,2,157139,3792,2576,{'id': '2800'},"[3792, 2576]"
115,399.0,1,0,149516,3656,3592,{'id': '2811'},"[3656, 3592]"
116,10000.0,1,3,149129,3512,3424,{'id': '2854'},"[3512, 3424]"
117,1600.0,1,0,151004,4136,2408,{'id': '2922'},"[4136, 2408]"
118,4000.0,1,3,152183,3512,2840,{'id': '2959'},"[3512, 2840]"
119,1000.0,1,0,151619,4160,3944,{'id': '3035'},"[4160, 3944]"
120,4000.0,1,1,153077,3536,2816,{'id': '3061'},"[3536, 2816]"
121,989.9,1,0,152310,4056,2408,{'id': '3144'},"[4056, 2408]"
122,4000.0,1,1,153074,3416,3208,{'id': '3159'},"[3416, 3208]"
123,20000.0,1,3,154671,3512,2776,{'id': '3180'},"[3512, 2776]"
124,919.8,1,0,152312,4040,2408,{'id': '3198'},"[4040, 2408]"
125,420.0,1,0,152847,3832,3816,{'id': '3211'},"[3832, 3816]"
126,1100.0,1,1,157715,3416,3280,{'id': '3212'},"[3416, 3280]"
127,10000.0,1,3,151231,3440,2880,{'id': '3230'},"[3440, 2880]"
128,20999.999999999996,1,0,151762,4008,2408,{'id': '3291'},"[4008, 2408]"
129,1100.0,1,1,157713,3392,3088,{'id': '3303'},"[3392, 3088]"
130,725.0,1,1,156784,3392,3256,{'id': '3329'},"[3392, 3256]"
131,2580.0,1,3,157631,3440,3464,{'id': '3348'},"[3440, 3464]"
132,1300.0,1,1,157719,3392,3040,{'id': '3357'},"[3392, 3040]"
133,1800.0,1,0,150846,4208,2328,{'id': '3366'},"[4208, 2328]"
134,710.0,1,1,157478,3392,3304,{'id': '3383'},"[3392, 3304]"
135,1000.0,1,0,152040,3896,3880,{'id': '3396'},"[3896, 3880]"
136,2300.0,1,0,153844,4176,2328,{'id': '3437'},"[4176, 2328]"
137,2950.0,1,1,156740,3464,3504,{'id': '3447'},"[3464, 3504]"
138,1500.0,1,0,154006,4120,2344,{'id': '3452'},"[4120, 2344]"
139,39999.0,1,2,151728,3716,2504,{'id': '3524'},"[3716, 2504]"
140,310.0,1,0,157993,4192,2312,{'id': '3538'},"[4192, 2312]"
141,266.0,1,0,157933,4176,4016,{'id': '3582'},"[4176, 4016]"
142,890.0,1,1,156007,3416,2864,{'id': '3585'},"[3416, 2864]"
143,2800.0,1,1,153022,3416,3480,{'id': '3667'},"[3416, 3480]"
144,575.0,1,0,156533,4144,4016,{'id': '3680'},"[4144, 4016]"
145,2999.0000000000005,1,2,154613,3792,2432,{'id': '3701'},"[3792, 2432]"
146,1750.0,1,1,155987,3360,2936,{'id': '3761'},"[3360, 2936]"
147,1000.0,1,1,156018,3640,2560,{'id': '3763'},"[3640, 2560]"
148,5000.0,1,0,149899,4024,2344,{'id': '3781'},"[4024, 2344]"
149,2888.0,1,0,155406,4160,4032,{'id': '3795'},"[4160, 4032]"
150,693.0,1,0,153662,4144,4032,{'id': '3835'},"[4144, 4032]"
151,520.0,1,0,151320,4008,2344,{'id': '3837'},"[4008, 2344]"
152,498.0,1,0,153556,3912,3944,{'id': '3846'},"[3912, 3944]"
153,20000.0,1,1,150791,3620,2560,{'id': '3857'},"[3620, 2560]"
154,1500.0,1,1,152621,3360,3432,{'id': '3873'},"[3360, 3432]"
155,1000.0,1,0,156017,4176,4048,{'id': '3889'},"[4176, 4048]"
156,780.0,1,1,157626,3660,2520,{'id': '3913'},"[3660, 2520]"
157,266.0,1,0,157935,4160,4048,{'id': '3925'},"[4160, 4048]"
158,1200.0,1,1,154007,3360,2864,{'id': '3955'},"[3360, 2864]"
159,898.0,1,1,156756,4040,4008,{'id': '3958'},"[4040, 4008]"
160,275.0,1,0,157862,3944,2344,{'id': '4071'},"[3944, 2344]"
161,4500.0,1,1,150606,3620,2520,{'id': '4121'},"[3620, 2520]"
162,266.0,1,0,157934,4144,4064,{'id': '4130'},"[4144, 4064]"
163,10000.0,1,1,151646,3304,3408,{'id': '4173'},"[3304, 3408]"
164,499.0,1,0,155686,3256,3216,{'id': '4216'},"[3256, 3216]"
165,275.0,1,0,157140,3848,3960,{'id': '4234'},"[3848, 3960]"
166,285.0,1,0,157075,3256,3080,{'id': '4258'},"[3256, 3080]"
167,33333.0,1,2,150443,4072,2240,{'id': '4277'},"[4072, 2240]"
168,1499.0,1,1,150416,3336,3504,{'id': '4284'},"[3336, 3504]"
169,265.0,1,0,157973,3256,3280,{'id': '4304'},"[3256, 3280]"
170,2000.0,1,1,157181,4072,4056,{'id': '4309'},"[4072, 4056]"
171,456.0,1,0,157211,3240,3140,{'id': '4346'},"[3240, 3140]"
172,950.0,1,0,151106,3904,2328,{'id': '4373'},"[3904, 2328]"
173,285.0,1,0,157077,3240,3080,{'id': '4388'},"[3240, 3080]"
174,888.0,1,0,150181,3936,2312,{'id': '4396'},"[3936, 2312]"
175,345.0,1,0,157493,3240,3280,{'id': '4430'},"[3240, 3280]"
176,1159.0,1,0,151512,4216,2216,{'id': '4435'},"[4216, 2216]"
177,4445.0,1,1,153173,3280,3432,{'id': '4445'},"[3280, 3432]"
178,4200.0,1,2,154990,3488,3716,{'id': '4465'},"[3488, 3716]"
179,400.0,1,0,150172,3920,2312,{'id': '4470'},"[3920, 2312]"
180,3200.0,1,2,157494,3752,2360,{'id': '4484'},"[3752, 2360]"
181,7000.0,1,1,157516,3960,4032,{'id': '4495'},"[3960, 4032]"
182,2000.0,1,1,157183,4016,4056,{'id': '4525'},"[4016, 4056]"
183,1790.0,1,1,157732,3660,2440,{'id': '4544'},"[3660, 2440]"
184,300.0,1,0,157860,3256,2936,{'id': '4548'},"[3256, 2936]"
185,36969.0,1,1,151716,4120,2220,{'id': '4653'},"[4120, 2220]"
186,369.0,1,0,157859,3224,3000,{'id': '4673'},"[3224, 3000]"
187,4000.0,1,2,154702,3716,2360,{'id': '4696'},"[3716, 2360]"
188,489.0,1,0,157057,3872,2312,{'id': '4720'},"[3872, 2312]"
189,2700.0,1,3,157137,3784,3976,{'id': '4723'},"[3784, 3976]"
190,4111.0,1,1,151128,4192,2192,{'id': '4753'},"[4192, 2192]"
191,320.0,1,0,157697,3256,3456,{'id': '4764'},"[3256, 3456]"
192,990.0,1,0,150896,3192,3128,{'id': '4784'},"[3192, 3128]"
193,995.0,1,1,156241,4016,4080,{'id': '4818'},"[4016, 4080]"
194,9500.000000000002,1,1,155276,3464,2560,{'id': '4857'},"[3464, 2560]"
195,1000.0,1,0,153667,3840,2312,{'id': '4884'},"[3840, 2312]"
196,3000.0,1,0,154487,3176,3140,{'id': '4918'},"[3176, 3140]"
197,999.999,1,1,157195,3600,2440,{'id': '4935'},"[3600, 2440]"
198,2000.0,1,1,157180,3984,4080,{'id': '4948'},"[3984, 4080]"
199,2000.0,1,1,157182,4128,4128,{'id': '4964'},"[4128, 4128]"
200,1999.0,1,0,152107,4208,4152,{'id': '4966'},"[4208, 4152]"
201,2000.0,1,1,154839,3496,2516,{'id': '4975'},"[3496, 2516]"
202,20000.0,1,1,149196,4072,4112,{'id': '4977'},"[4072, 4112]"
203,10000.0,1,1,151787,3444,2560,{'id': '5000'},"[3444, 2560]"
204,349.0,1,0,153800,3224,2872,{'id': '5040'},"[3224, 2872]"
205,400.0,1,0,156510,4216,2168,{'id': '5042'},"[4216, 2168]"
206,399.0,1,0,156960,3776,2328,{'id': '5047'},"[3776, 2328]"
207,3000.0,1,0,154200,3176,2968,{'id': '5159'},"[3176, 2968]"
208,800.0,1,1,156832,3660,2376,{'id': '5161'},"[3660, 2376]"
209,411.0,1,0,157061,3176,2952,{'id': '5208'},"[3176, 2952]"
210,888.0,1,0,151141,3192,2888,{'id': '5272'},"[3192, 2888]"
211,800.0,1,1,156833,3640,2376,{'id': '5285'},"[3640, 2376]"
212,5323.0,1,0,150804,3192,3456,{'id': '5323'},"[3192, 3456]"
213,999.0,2,1,149429,3128,3216,{'id': '5340'},"[3128, 3216]"
214,2800.0,1,2,154988,4072,2152,{'id': '5343'},"[4072, 2152]"
215,400.0,3,0,149533,3128,3140,{'id': '5366'},"[3128, 3140]"
216,1899.3100000000002,1,0,153111,4208,4184,{'id': '5388'},"[4208, 4184]"
217,1999.0,1,1,151729,3352,2604,{'id': '5392'},"[3352, 2604]"
218,2500.0,1,0,153331,3192,2856,{'id': '5397'},"[3192, 2856]"
219,3500.0,1,0,154486,3716,2328,{'id': '5407'},"[3716, 2328]"
220,2000.0,1,1,157178,4040,4136,{'id': '5411'},"[4040, 4136]"
221,1999.0,1,0,153995,3744,2312,{'id': '5414'},"[3744, 2312]"
222,411.0,1,0,157060,3176,2888,{'id': '5417'},"[3176, 2888]"
223,750.0,1,1,157492,3660,2352,{'id': '5421'},"[3660, 2352]"
224,850.0,1,1,156834,3620,2376,{'id': '5426'},"[3620, 2376]"
225,499.0,3,1,151685,3128,3032,{'id': '5435'},"[3128, 3032]"
226,1100.0,3,1,151697,3128,3008,{'id': '5471'},"[3128, 3008]"
227,850.0,1,1,156835,3600,2376,{'id': '5549'},"[3600, 2376]"
228,840.0,1,0,153520,3528,2424,{'id': '5614'},"[3528, 2424]"
229,985.0,1,1,156069,3200,2768,{'id': '5643'},"[3200, 2768]"
230,3300.0,1,3,154611,3856,4096,{'id': '5694'},"[3856, 4096]"
231,6669.0,1,3,153776,3224,2660,{'id': '5765'},"[3224, 2660]"
232,748.0,1,1,154780,3176,2768,{'id': '5816'},"[3176, 2768]"
233,4500.0,1,1,153546,3288,2604,{'id': '5833'},"[3288, 2604]"
234,1111.0,1,0,151648,4176,4216,{'id': '5842'},"[4176, 4216]"
235,899.0,1,1,154668,3308,2580,{'id': '5845'},"[3308, 2580]"
236,2000.0,1,1,157179,3984,4160,{'id': '5866'},"[3984, 4160]"
237,2100.0,3,2,149588,3080,2912,{'id': '5930'},"[3080, 2912]"
238,2700.0,1,2,157138,3528,3928,{'id': '5962'},"[3528, 3928]"
239,529.0,2,1,157580,3056,3272,{'id': '5979'},"[3056, 3272]"
240,2000.0,1,1,155192,3936,4160,{'id': '6037'},"[3936, 4160]"
241,150000.0,1,3,156083,4032,2112,{'id': '6042'},"[4032, 2112]"
242,399.0,2,1,157405,3056,3320,{'id': '6045'},"[3056, 3320]"
243,470.0,1,0,155957,3208,2676,{'id': '6049'},"[3208, 2676]"
244,250.0,3,0,149686,3152,2752,{'id': '6091'},"[3152, 2752]"
245,799.0,1,1,154666,3268,2580,{'id': '6102'},"[3268, 2580]"
246,540.0,3,1,153526,3056,2952,{'id': '6132'},"[3056, 2952]"
247,1769.0,1,0,151479,3200,2668,{'id': '6139'},"[3200, 2668]"
248,550.0,1,0,155942,3192,2676,{'id': '6155'},"[3192, 2676]"
249,800.0,3,1,154222,3128,2768,{'id': '6159'},"[3128, 2768]"
250,500.0,3,0,157717,3160,2676,{'id': '6380'},"[3160, 2676]"
251,310.0,2,0,157991,3000,3200,{'id': '6384'},"[3000, 3200]"
252,499.0,2,1,149414,2984,3216,{'id': '6478'},"[2984, 3216]"
253,5500.0,1,2,152095,3752,2152,{'id': '6563'},"[3752, 2152]"
254,600.0,2,0,150856,2968,3240,{'id': '6632'},"[2968, 3240]"
255,550.0,2,1,149416,2984,3360,{'id': '6645'},"[2984, 3360]"
256,1000.0,3,1,154828,2984,2936,{'id': '6698'},"[2984, 2936]"
257,800.0,3,0,153152,3160,2608,{'id': '6717'},"[3160, 2608]"
258,6732.0,2,1,156048,3056,3568,{'id': '6732'},"[3056, 3568]"
259,3332.9999999999995,1,0,151668,3872,4216,{'id': '6794'},"[3872, 4216]"
260,999.0,1,1,157585,3296,2440,{'id': '6810'},"[3296, 2440]"
261,210.0,2,0,154263,2936,3200,{'id': '6851'},"[2936, 3200]"
262,398.0,3,1,155994,2984,2864,{'id': '6866'},"[2984, 2864]"
263,10000.0,3,0,157937,3152,2568,{'id': '6969'},"[3152, 2568]"
264,399.0,2,1,157863,3056,3636,{'id': '6988'},"[3056, 3636]"
265,8999.0,1,3,154672,3716,4176,{'id': '7015'},"[3716, 4176]"
266,9669.0,1,2,153672,3644,2152,{'id': '7023'},"[3644, 2152]"
267,750.0,1,1,154778,3392,2328,{'id': '7056'},"[3392, 2328]"
268,4200.0,2,3,151343,2896,3344,{'id': '7116'},"[2896, 3344]"
269,5999.0,14,2,155389,3872,4232,{'id': '7205'},"[3872, 4232]"
270,300.0,5,0,155047,4160,1984,{'id': '7286'},"[4160, 1984]"
271,750.0,1,1,157678,3296,2376,{'id': '7288'},"[3296, 2376]"
272,650.0,2,0,149729,2872,3200,{'id': '7403'},"[2872, 3200]"
273,950.0,1,0,151101,3232,2424,{'id': '7423'},"[3232, 2424]"
274,399.0,3,1,155912,2984,2720,{'id': '7433'},"[2984, 2720]"
275,2000.0,3,3,156079,2984,2660,{'id': '7505'},"[2984, 2660]"
276,1300.0,1,1,157639,3176,2460,{'id': '7510'},"[3176, 2460]"
277,499.0,2,1,149404,2856,3216,{'id': '7542'},"[2856, 3216]"
278,750.0,1,1,157704,3592,4160,{'id': '7552'},"[3592, 4160]"
279,200.0,5,0,150981,4112,1968,{'id': '7679'},"[4112, 1968]"
280,750.0,1,1,157703,3572,4160,{'id': '7683'},"[3572, 4160]"
281,9999.0,1,2,157430,3168,3856,{'id': '7688'},"[3168, 3856]"
282,950.0,2,0,151111,2844,3200,{'id': '7697'},"[2844, 3200]"
283,888.0,3,1,153422,2880,2888,{'id': '7728'},"[2880, 2888]"
284,299.0,3,0,151692,3152,2456,{'id': '7796'},"[3152, 2456]"
285,220.0,5,0,156214,4064,1968,{'id': '7821'},"[4064, 1968]"
286,450.0,2,1,153523,2856,3408,{'id': '7862'},"[2856, 3408]"
287,450.0,1,0,156838,3296,2312,{'id': '7953'},"[3296, 2312]"
288,450.0,1,0,156840,3280,2312,{'id': '8076'},"[3280, 2312]"
289,2670.0,1,2,157620,3328,2240,{'id': '8078'},"[3328, 2240]"
290,332.0,14,0,153555,3668,4244,{'id': '8080'},"[3668, 4244]"
291,2299.0,3,2,149955,3080,2448,{'id': '8122'},"[3080, 2448]"
292,750.0,1,1,157702,3496,4160,{'id': '8123'},"[3496, 4160]"
293,475.0,1,0,155984,3392,4104,{'id': '8165'},"[3392, 4104]"
294,580.0,3,1,152571,3152,2400,{'id': '8187'},"[3152, 2400]"
295,320.0,1,0,156950,3264,2312,{'id': '8194'},"[3264, 2312]"
296,200.0,3,0,157212,2880,2768,{'id': '8207'},"[2880, 2768]"
297,399.0,5,1,155924,4024,1944,{'id': '8211'},"[4024, 1944]"
298,2250.0,1,0,150597,3376,4104,{'id': '8266'},"[3376, 4104]"
299,160.0,14,0,157047,4104,4404,{'id': '8283'},"[4104, 4404]"
300,350.0,1,0,156952,3248,2312,{'id': '8310'},"[3248, 2312]"
301,333.0,3,0,153656,2880,2720,{'id': '8441'},"[2880, 2720]"
302,2500.0,14,2,157705,3616,4232,{'id': '8501'},"[3616, 4232]"
303,499.0,14,0,157735,4040,4404,{'id': '8511'},"[4040, 4404]"
304,9000.0,2,3,153722,3088,3912,{'id': '8514'},"[3088, 3912]"
305,549.0,1,0,155683,3416,4152,{'id': '8531'},"[3416, 4152]"
306,389.0,1,0,150454,3404,4152,{'id': '8610'},"[3404, 4152]"
307,400.0,3,1,153347,3152,2352,{'id': '8612'},"[3152, 2352]"
308,3000.0,14,2,149160,3752,4304,{'id': '8702'},"[3752, 4304]"
309,2500.0,14,2,157709,3576,4232,{'id': '8728'},"[3576, 4232]"
310,212.0,14,0,153558,3976,4404,{'id': '8757'},"[3976, 4404]"
311,2250.0,1,0,152997,3452,4200,{'id': '8837'},"[3452, 4200]"
312,4969.0,2,3,156611,2708,3296,{'id': '8841'},"[2708, 3296]"
313,420.0,14,0,149773,4136,4452,{'id': '8870'},"[4136, 4452]"
314,1250.0,1,1,155865,3216,4048,{'id': '8873'},"[3216, 4048]"
315,999.0,5,1,151725,3904,1924,{'id': '8948'},"[3904, 1924]"
316,225.0,3,0,149750,2720,2992,{'id': '9027'},"[2720, 2992]"
317,369.0,3,1,153529,2720,2968,{'id': '9029'},"[2720, 2968]"
318,250.0,2,0,157954,2950,3822,{'id': '9106'},"[2950, 3822]"
319,248.0,14,0,150134,3668,4328,{'id': '9116'},"[3668, 4328]"
320,185.0,14,0,150631,4032,4452,{'id': '9173'},"[4032, 4452]"
321,299.0,1,0,157691,3168,2280,{'id': '9193'},"[3168, 2280]"
322,4999.0,1,1,155670,3168,4048,{'id': '9199'},"[3168, 4048]"
323,175.0,14,0,153302,4020,4452,{'id': '9220'},"[4020, 4452]"
324,1200.0,1,1,157984,3192,4072,{'id': '9261'},"[3192, 4072]"
325,4999.0,1,0,152944,3376,4200,{'id': '9287'},"[3376, 4200]"
326,230.0,3,0,156538,3152,2280,{'id': '9310'},"[3152, 2280]"
327,450.0,3,0,151208,2688,2992,{'id': '9318'},"[2688, 2992]"
328,145.0,3,0,157097,2672,3080,{'id': '9359'},"[2672, 3080]"
329,1000.0,14,0,156970,4088,4480,{'id': '9376'},"[4088, 4480]"
330,222.0,3,0,154261,2968,2440,{'id': '9428'},"[2968, 2440]"
331,220.0,14,0,150296,4008,4464,{'id': '9434'},"[4008, 4464]"
332,150.0,5,0,157496,4144,1830,{'id': '9472'},"[4144, 1830]"
333,260.0,3,0,149356,2672,2992,{'id': '9490'},"[2672, 2992]"
334,195.0,5,0,150633,4192,1818,{'id': '9520'},"[4192, 1818]"
335,145.0,3,0,157099,2656,3080,{'id': '9535'},"[2656, 3080]"
336,307.0,14,0,150431,4032,4480,{'id': '9572'},"[4032, 4480]"
337,250.0,5,0,152222,4216,1808,{'id': '9584'},"[4216, 1808]"
338,399.0,5,0,151693,4160,1818,{'id': '9590'},"[4160, 1818]"
339,2500.0,3,0,154704,2880,2520,{'id': '9592'},"[2880, 2520]"
340,360.0,14,0,157803,4020,4480,{'id': '9606'},"[4020, 4480]"
341,369.69,1,0,154198,3328,4200,{'id': '9610'},"[3328, 4200]"
342,999.0,5,1,153703,3736,1924,{'id': '9668'},"[3736, 1924]"
343,145.0,3,0,157100,2640,3080,{'id': '9676'},"[2640, 3080]"
344,275.0,2,0,149596,2934,3894,{'id': '9755'},"[2934, 3894]"
345,1500.0,14,1,153180,3716,4396,{'id': '9763'},"[3716, 4396]"
346,250.0,5,0,151484,4048,1830,{'id': '9765'},"[4048, 1830]"
347,299.0,5,0,150601,3576,1984,{'id': '9791'},"[3576, 1984]"
348,2000.0,1,0,153330,3168,2216,{'id': '9817'},"[3168, 2216]"
349,369.0,1,0,149629,3296,4200,{'id': '9830'},"[3296, 4200]"
350,145.0,3,0,157102,2624,3080,{'id': '9840'},"[2624, 3080]"
351,166.0,14,0,154975,3640,4376,{'id': '9852'},"[3640, 4376]"
352,999.0,5,1,151724,3928,1848,{'id': '9867'},"[3928, 1848]"
353,600.0,3,1,149253,2856,2496,{'id': '9906'},"[2856, 2496]"
354,750.0,3,1,151298,3056,2288,{'id': '9913'},"[3056, 2288]"
355,150.0,5,0,156496,4000,1830,{'id': '9916'},"[4000, 1830]"
356,400.0,3,1,156518,2960,2376,{'id': '9921'},"[2960, 2376]"
357,359.0,3,1,156020,2984,2352,{'id': '9923'},"[2984, 2352]"
358,369.0,3,1,153530,2624,2968,{'id': '9960'},"[2624, 2968]"
359,3999.0000000000005,3,2,151981,3080,2232,{'id': '9970'},"[3080, 2232]"
360,1111.0,2,0,151665,2736,3656,{'id': '9996'},"[2736, 3656]"
361,6969.0,2,0,150887,2886,3878,{'id': '10030'},"[2886, 3878]"
362,333.0,14,0,153377,3640,4392,{'id': '10056'},"[3640, 4392]"
363,10101.0,2,1,149714,3038,4036,{'id': '10101'},"[3038, 4036]"
364,750.0,3,1,151287,2984,2328,{'id': '10147'},"[2984, 2328]"
365,1900.0,2,3,157543,2568,3256,{'id': '10151'},"[2568, 3256]"
366,365.0,14,0,156383,3624,4392,{'id': '10154'},"[3624, 4392]"
367,300.0,1,0,156223,3200,4168,{'id': '10177'},"[3200, 4168]"
368,250.0,5,0,152223,3968,1818,{'id': '10224'},"[3968, 1818]"
369,600.0,3,1,149239,2904,2400,{'id': '10225'},"[2904, 2400]"
370,2860.0,5,0,152009,3952,1818,{'id': '10264'},"[3952, 1818]"
371,239.0,5,0,150006,4216,1760,{'id': '10277'},"[4216, 1760]"
372,240.0,3,0,150405,2608,2904,{'id': '10317'},"[2608, 2904]"
373,220.0,5,0,150314,3512,1968,{'id': '10360'},"[3512, 1968]"
374,500.0,1,0,156458,3168,4168,{'id': '10400'},"[3168, 4168]"
375,174.0,3,0,153505,2576,2992,{'id': '10459'},"[2576, 2992]"
376,3450.0,5,0,150599,3496,1968,{'id': '10460'},"[3496, 1968]"
377,4321.0,2,3,151632,2640,3616,{'id': '10505'},"[2640, 3616]"
378,250.0,5,0,149397,4216,1744,{'id': '10523'},"[4216, 1744]"
379,200.0,3,0,157220,2760,2536,{'id': '10559'},"[2760, 2536]"
380,743.0,5,1,156248,3544,1924,{'id': '10637'},"[3544, 1924]"
381,999.0,2,0,155850,2950,4020,{'id': '10645'},"[2950, 4020]"
382,480.0,2,1,153534,2720,3760,{'id': '10679'},"[2720, 3760]"
383,450.0,2,1,153670,2736,3784,{'id': '10684'},"[2736, 3784]"
384,2700.0,2,3,157955,3088,4152,{'id': '10703'},"[3088, 4152]"
385,3150.0,2,2,153423,2848,3912,{'id': '10714'},"[2848, 3912]"
386,1777.0,2,0,150867,2902,3988,{'id': '10750'},"[2902, 3988]"
387,899.99,5,1,153162,3520,1924,{'id': '10751'},"[3520, 1924]"
388,999.0,1,0,152940,3184,4216,{'id': '10752'},"[3184, 4216]"
389,2000.0,3,1,150061,2576,2832,{'id': '10768'},"[2576, 2832]"
390,750.0,3,1,151302,2880,2352,{'id': '10770'},"[2880, 2352]"
391,5680.0,2,3,151945,2496,3216,{'id': '10810'},"[2496, 3216]"
392,1770.0,2,3,156318,2568,3536,{'id': '10823'},"[2568, 3536]"
393,5000.0,5,2,150485,3952,1744,{'id': '10839'},"[3952, 1744]"
394,250.0,5,0,149132,3760,1830,{'id': '10854'},"[3760, 1830]"
395,368.0,1,0,157473,3168,4216,{'id': '10859'},"[3168, 4216]"
396,275.0,2,0,149556,2640,3656,{'id': '10863'},"[2640, 3656]"
397,1770.0,2,2,156319,3048,4112,{'id': '10875'},"[3048, 4112]"
398,420.0,3,0,153777,2528,2992,{'id': '10889'},"[2528, 2992]"
399,2000.0,3,2,156072,2812,2376,{'id': '10901'},"[2812, 2376]"
400,480.0,2,1,153532,2696,3760,{'id': '10905'},"[2696, 3760]"
401,2100.0,3,3,156509,2896,2288,{'id': '10913'},"[2896, 2288]"
402,999.0,5,0,149865,3744,1830,{'id': '10923'},"[3744, 1830]"
403,220.0,5,0,150323,4216,1712,{'id': '10946'},"[4216, 1712]"
404,200.0,3,0,157223,2704,2544,{'id': '10982'},"[2704, 2544]"
405,319.0,3,0,150008,2760,2464,{'id': '11004'},"[2760, 2464]"
406,499.0,2,0,151727,2902,4020,{'id': '11010'},"[2902, 4020]"
407,601.0,3,0,152584,2592,2728,{'id': '11044'},"[2592, 2728]"
408,1700.0,3,0,150567,2528,2904,{'id': '11051'},"[2528, 2904]"
409,164.0,3,0,151316,2496,3080,{'id': '11070'},"[2496, 3080]"
410,350.0,5,1,156943,3640,1848,{'id': '11079'},"[3640, 1848]"
411,410.0,5,1,150011,3184,2072,{'id': '11085'},"[3184, 2072]"
412,880.0,2,1,153501,2672,3760,{'id': '11101'},"[2672, 3760]"
413,298.0,3,1,157407,2504,2936,{'id': '11157'},"[2504, 2936]"
414,220.0,2,0,150332,2480,3168,{'id': '11180'},"[2480, 3168]"
415,360.0,2,0,157800,2608,3668,{'id': '11196'},"[2608, 3668]"
416,880.0,3,1,153535,2504,2912,{'id': '11211'},"[2504, 2912]"
417,200.0,14,0,156078,3384,4376,{'id': '11222'},"[3384, 4376]"
418,2000.0,14,1,153863,3544,4452,{'id': '11291'},"[3544, 4452]"
419,3100.0,5,1,156452,3544,1868,{'id': '11292'},"[3544, 1868]"
420,174.0,3,0,153507,2488,2952,{'id': '11318'},"[2488, 2952]"
421,299.0,3,0,157754,2560,2728,{'id': '11342'},"[2560, 2728]"
422,900.0,5,1,151075,3184,2048,{'id': '11344'},"[3184, 2048]"
423,2599.0000000000005,3,2,150033,2448,3096,{'id': '11379'},"[2448, 3096]"
424,2200.0,2,2,157546,2456,3272,{'id': '11381'},"[2456, 3272]"
425,250.0,3,0,155997,2720,2456,{'id': '11384'},"[2720, 2456]"
426,300.0,3,0,149316,2488,2920,{'id': '11393'},"[2488, 2920]"
427,8000.0,3,2,149511,2812,2304,{'id': '11436'},"[2812, 2304]"
428,2190.0,2,2,151779,2968,4112,{'id': '11459'},"[2968, 4112]"
429,199.0,3,0,155383,2456,3048,{'id': '11488'},"[2456, 3048]"
430,298.0,3,1,157725,2720,2432,{'id': '11501'},"[2720, 2432]"
431,250.0,3,0,149644,2488,2872,{'id': '11524'},"[2488, 2872]"
432,480.0,2,1,153533,2624,3760,{'id': '11535'},"[2624, 3760]"
433,180.0,5,0,156712,3272,1984,{'id': '11554'},"[3272, 1984]"
434,500.0,3,0,156277,2880,2264,{'id': '11558'},"[2880, 2264]"
435,142.0,14,0,157667,3384,4404,{'id': '11574'},"[3384, 4404]"
436,900.0,5,1,151072,3184,2024,{'id': '11607'},"[3184, 2024]"
437,195.0,2,0,153519,2886,4076,{'id': '11611'},"[2886, 4076]"
438,349.0,14,0,156394,3320,4376,{'id': '11633'},"[3320, 4376]"
439,500.0,5,0,149260,4216,1664,{'id': '11642'},"[4216, 1664]"
440,250.0,3,0,149359,2528,2728,{'id': '11660'},"[2528, 2728]"
441,275.0,2,0,149537,2464,3416,{'id': '11672'},"[2464, 3416]"
442,1450.0,2,0,153573,2688,3872,{'id': '11690'},"[2688, 3872]"
443,250.0,3,0,149269,2688,2456,{'id': '11691'},"[2688, 2456]"
444,400.0,3,0,155980,2624,2544,{'id': '11703'},"[2624, 2544]"
445,298.0,3,1,157724,2696,2432,{'id': '11733'},"[2696, 2432]"
446,399.0,3,1,157586,2856,2256,{'id': '11770'},"[2856, 2256]"
447,500.0,2,0,151497,2886,4092,{'id': '11772'},"[2886, 4092]"
448,1500.0,3,1,157718,2600,2560,{'id': '11778'},"[2600, 2560]"
449,250.0,3,0,153664,2880,2232,{'id': '11859'},"[2880, 2232]"
450,900.0,5,1,151074,3184,2000,{'id': '11897'},"[3184, 2000]"
451,440.0,2,0,156259,2736,3960,{'id': '11918'},"[2736, 3960]"
452,360.0,3,0,157796,2736,2368,{'id': '11919'},"[2736, 2368]"
453,2100.0,3,3,156507,2896,2168,{'id': '11988'},"[2896, 2168]"
454,249.99,3,0,152364,2456,2824,{'id': '12002'},"[2456, 2824]"
455,1770.0,2,2,156317,2456,3512,{'id': '12006'},"[2456, 3512]"
456,300.0,2,0,152647,2452,3496,{'id': '12017'},"[2452, 3496]"
457,1770.0,5,2,156325,3912,1668,{'id': '12036'},"[3912, 1668]"
458,250.0,3,0,151249,2720,2368,{'id': '12060'},"[2720, 2368]"
459,375.0,5,1,153795,3256,1944,{'id': '12070'},"[3256, 1944]"
460,390.0,2,0,156258,2512,3656,{'id': '12074'},"[2512, 3656]"
461,499.0,3,0,151726,2472,2760,{'id': '12076'},"[2472, 2760]"
462,300.0,5,0,153673,3192,1984,{'id': '12091'},"[3192, 1984]"
463,840.0,3,0,155799,2392,3120,{'id': '12094'},"[2392, 3120]"
464,194.0,5,0,150646,4216,1632,{'id': '12113'},"[4216, 1632]"
465,165.0,5,0,151836,3528,1818,{'id': '12116'},"[3528, 1818]"
466,220.0,3,0,150333,2488,2712,{'id': '12127'},"[2488, 2712]"
467,5000.0,3,2,150517,2740,2296,{'id': '12141'},"[2740, 2296]"
468,1500.0,2,0,154256,2392,3264,{'id': '12150'},"[2392, 3264]"
469,1000.0,3,0,150385,2472,2744,{'id': '12158'},"[2472, 2744]"
470,250.0,3,0,153665,2880,2200,{'id': '12167'},"[2880, 2200]"
471,1500.0,2,0,153075,2392,3280,{'id': '12170'},"[2392, 3280]"
472,999.0,2,0,149861,2704,3960,{'id': '12217'},"[2704, 3960]"
473,600.0,3,1,151681,2856,2208,{'id': '12220'},"[2856, 2208]"
474,298.0,5,0,154567,3512,1818,{'id': '12223'},"[3512, 1818]"
475,180.0,3,0,157043,2456,2760,{'id': '12272'},"[2456, 2760]"
476,187.0,3,0,154767,2456,2744,{'id': '12344'},"[2456, 2744]"
477,160.0,3,0,153426,2688,2368,{'id': '12390'},"[2688, 2368]"
478,450.0,5,1,149284,3208,1944,{'id': '12430'},"[3208, 1944]"
479,275.0,2,0,149597,2376,3344,{'id': '12464'},"[2376, 3344]"
480,300.0,2,0,149508,2360,3168,{'id': '12468'},"[2360, 3168]"
481,290.0,2,0,150501,2608,3872,{'id': '12473'},"[2608, 3872]"
482,220.0,3,0,153676,2880,2168,{'id': '12503'},"[2880, 2168]"
483,2500.0,3,3,156544,2672,2328,{'id': '12507'},"[2672, 2328]"
484,230.0,14,0,152220,4216,4720,{'id': '12530'},"[4216, 4720]"
485,230.0,14,0,152219,3240,4404,{'id': '12533'},"[3240, 4404]"
486,250.0,5,0,149532,3448,1818,{'id': '12610'},"[3448, 1818]"
487,275.0,2,0,149379,2592,3872,{'id': '12632'},"[2592, 3872]"
488,650.0,3,0,152995,2376,2904,{'id': '12636'},"[2376, 2904]"
489,723.0,3,0,153572,2392,2840,{'id': '12655'},"[2392, 2840]"
490,580.0,2,0,156254,2360,3360,{'id': '12668'},"[2360, 3360]"
491,666.0,4,0,150641,2960,2088,{'id': '12689'},"[2960, 2088]"
492,250.0,2,0,153798,2656,3960,{'id': '12692'},"[2656, 3960]"
493,800.0,3,0,152876,2656,2368,{'id': '12693'},"[2656, 2368]"
494,375.0,5,0,150604,3400,1830,{'id': '12736'},"[3400, 1830]"
495,177.0,15,0,156883,3160,4376,{'id': '12754'},"[3160, 4376]"
496,630.0,4,1,156125,3120,1968,{'id': '12777'},"[3120, 1968]"
497,9999.0,2,3,154674,2456,3716,{'id': '12795'},"[2456, 3716]"
498,300.0,4,0,153668,2948,2088,{'id': '12801'},"[2948, 2088]"
499,300.0,5,0,150463,3384,1830,{'id': '12845'},"[3384, 1830]"
500,170.0,3,0,156393,2512,2544,{'id': '12848'},"[2512, 2544]"
501,160.0,2,0,157844,2640,3960,{'id': '12859'},"[2640, 3960]"
502,290.0,3,0,156539,2720,2280,{'id': '12868'},"[2720, 2280]"
503,349.0,14,0,149287,3192,4404,{'id': '12896'},"[3192, 4404]"
504,230.0,3,0,156540,2704,2280,{'id': '13013'},"[2704, 2280]"
505,249.99,4,0,152668,2960,2060,{'id': '13027'},"[2960, 2060]"
506,440.0,2,0,156256,2328,3360,{'id': '13033'},"[2328, 3360]"
507,250.0,4,0,152218,2914,2088,{'id': '13085'},"[2914, 2088]"
508,3332.9999999999995,2,0,150569,2544,3872,{'id': '13137'},"[2544, 3872]"
509,350.0,3,1,156392,2296,3144,{'id': '13149'},"[2296, 3144]"
510,650.0,3,1,157761,2296,3120,{'id': '13156'},"[2296, 3120]"
511,649.0,3,1,150724,2296,3096,{'id': '13178'},"[2296, 3096]"
512,2666.0,14,2,157672,3776,4640,{'id': '13194'},"[3776, 4640]"
513,5000.0,5,2,157805,3448,1744,{'id': '13212'},"[3448, 1744]"
514,10000.0,2,3,150486,2600,3976,{'id': '13220'},"[2600, 3976]"
515,1000.0,2,0,149967,2744,4112,{'id': '13250'},"[2744, 4112]"
516,600.0,5,1,156289,3232,1868,{'id': '13266'},"[3232, 1868]"
517,400.0,2,0,150400,2592,3960,{'id': '13347'},"[2592, 3960]"
518,400.0,3,0,156279,2592,2368,{'id': '13348'},"[2592, 2368]"
519,500.0,4,0,150347,2960,2032,{'id': '13366'},"[2960, 2032]"
520,150.0,3,0,155721,2472,2528,{'id': '13398'},"[2472, 2528]"
521,250.0,15,0,149529,3072,4376,{'id': '13456'},"[3072, 4376]"
522,600.0,5,1,156290,3208,1868,{'id': '13462'},"[3208, 1868]"
523,200.0,2,0,156486,2844,4216,{'id': '13464'},"[2844, 4216]"
524,650.0,3,1,157760,2272,3120,{'id': '13466'},"[2272, 3120]"
525,350.0,4,0,153924,2926,2048,{'id': '13488'},"[2926, 2048]"
526,2299.0,5,2,149995,3832,1600,{'id': '13500'},"[3832, 1600]"
527,500.0,15,0,151499,3114,4404,{'id': '13511'},"[3114, 4404]"
528,220.0,3,0,150338,2360,2728,{'id': '13516'},"[2360, 2728]"
529,2499.0000000000005,2,3,153799,2528,3920,{'id': '13519'},"[2528, 3920]"
530,2199.0,3,3,150038,2528,2384,{'id': '13520'},"[2528, 2384]"
531,420.69,3,1,153188,2736,2192,{'id': '13543'},"[2736, 2192]"
532,280.0,4,0,156132,2960,2020,{'id': '13546'},"[2960, 2020]"
533,400.0,3,0,156280,2576,2368,{'id': '13551'},"[2576, 2368]"
534,600.0,14,0,154595,3984,4736,{'id': '13552'},"[3984, 4736]"
535,299.0,5,0,150503,4152,1560,{'id': '13553'},"[4152, 1560]"
536,187.0,2,0,157403,2344,3568,{'id': '13559'},"[2344, 3568]"
537,500.0,4,0,151495,2996,1992,{'id': '13580'},"[2996, 1992]"
538,8400.0,3,0,149276,2456,2528,{'id': '13586'},"[2456, 2528]"
539,275.0,3,0,149525,2296,2904,{'id': '13590'},"[2296, 2904]"
540,299.0,5,0,157751,4184,1550,{'id': '13624'},"[4184, 1550]"
541,220.0,2,0,150336,2472,3832,{'id': '13638'},"[2472, 3832]"
542,460.0,3,0,151877,2472,2496,{'id': '13639'},"[2472, 2496]"
543,600.0,5,1,156291,3184,1868,{'id': '13650'},"[3184, 1868]"
544,185.0,3,0,153587,2496,2456,{'id': '13672'},"[2496, 2456]"
545,2299.0,5,2,150045,3792,1600,{'id': '13674'},"[3792, 1600]"
546,400.0,3,0,156281,2560,2368,{'id': '13710'},"[2560, 2368]"
547,1111.0,4,1,157168,3072,1924,{'id': '13750'},"[3072, 1924]"
548,850.0,3,1,157054,2248,3096,{'id': '13787'},"[2248, 3096]"
549,299.0,2,0,157749,2312,3536,{'id': '13800'},"[2312, 3536]"
550,2199.0,3,2,149950,2656,2208,{'id': '13831'},"[2656, 2208]"
551,460.0,3,0,156260,2248,3080,{'id': '13842'},"[2248, 3080]"
552,205.0,15,0,154250,3072,4404,{'id': '13848'},"[3072, 4404]"
553,399.0,2,1,153796,2288,3488,{'id': '13857'},"[2288, 3488]"
554,2299.0,5,2,150002,3752,1600,{'id': '13868'},"[3752, 1600]"
555,299.0,5,0,157745,3240,1830,{'id': '13870'},"[3240, 1830]"
556,400.0,3,0,156282,2544,2368,{'id': '13884'},"[2544, 2368]"
557,300.0,2,0,150022,2488,3888,{'id': '13897'},"[2488, 3888]"
558,999.0,2,0,149863,2312,3568,{'id': '13927'},"[2312, 3568]"
559,148.2,3,0,156488,2704,2192,{'id': '13935'},"[2704, 2192]"
560,388.0,3,0,156032,2456,2480,{'id': '13941'},"[2456, 2480]"
561,250.0,3,0,149442,2440,2496,{'id': '14015'},"[2440, 2496]"
562,410.0,2,1,154084,2240,3328,{'id': '14027'},"[2240, 3328]"
563,1000.0,3,1,156193,2320,2708,{'id': '14029'},"[2320, 2708]"
564,142.0,15,0,157239,3048,4404,{'id': '14060'},"[3048, 4404]"
565,399.0,2,1,149891,2288,3536,{'id': '14062'},"[2288, 3536]"
566,400.0,3,0,156283,2528,2368,{'id': '14076'},"[2528, 2368]"
567,600.0,2,1,151847,2264,3464,{'id': '14082'},"[2264, 3464]"
568,155.0,5,0,153321,4040,1550,{'id': '14093'},"[4040, 1550]"
569,250.0,15,0,149517,2992,4376,{'id': '14139'},"[2992, 4376]"
570,142.0,15,0,157240,3036,4404,{'id': '14144'},"[3036, 4404]"
571,1111.0,4,1,157167,3024,1924,{'id': '14164'},"[3024, 1924]"
572,399.0,3,0,151695,2592,2280,{'id': '14187'},"[2592, 2280]"
573,475.0,15,1,149697,3104,4452,{'id': '14278'},"[3104, 4452]"
574,8000.0,5,2,154670,3288,1744,{'id': '14302'},"[3288, 1744]"
575,2968.9999999999995,3,2,156617,2264,2744,{'id': '14306'},"[2264, 2744]"
576,400.0,3,1,156160,2248,2832,{'id': '14340'},"[2248, 2832]"
577,20000.0,2,0,149825,2576,4048,{'id': '14353'},"[2576, 4048]"
578,180.0,3,0,150781,2216,2992,{'id': '14374'},"[2216, 2992]"
579,800.0,3,0,157824,2392,2520,{'id': '14396'},"[2392, 2520]"
580,500.0,3,1,152014,2504,2352,{'id': '14405'},"[2504, 2352]"
581,188.0,2,0,154397,2200,3168,{'id': '14414'},"[2200, 3168]"
582,310.0,5,0,157994,3904,1560,{'id': '14434'},"[3904, 1560]"
583,380.0,3,0,156284,2488,2368,{'id': '14507'},"[2488, 2368]"
584,366.0,2,1,157673,2192,3280,{'id': '14531'},"[2192, 3280]"
585,220.0,2,0,150344,2472,3944,{'id': '14542'},"[2472, 3944]"
586,2850.0,2,0,150598,2360,3784,{'id': '14580'},"[2360, 3784]"
587,650.0,14,1,157974,3592,4688,{'id': '14617'},"[3592, 4688]"
588,2088.0,3,3,152156,2672,2120,{'id': '14652'},"[2672, 2120]"
589,320.0,3,0,156954,2488,2352,{'id': '14657'},"[2488, 2352]"
590,2110.0,3,3,155178,2176,2920,{'id': '14663'},"[2176, 2920]"
591,450.0,3,1,151413,2176,3096,{'id': '14699'},"[2176, 3096]"
592,1590.0,15,1,150442,3056,4452,{'id': '14701'},"[3056, 4452]"
593,380.0,3,0,156285,2472,2368,{'id': '14705'},"[2472, 2368]"
594,275.0,14,0,149583,4200,4840,{'id': '14748'},"[4200, 4840]"
595,288.0,14,0,154455,3716,4736,{'id': '14755'},"[3716, 4736]"
596,3000.0,2,1,157416,2240,3560,{'id': '14767'},"[2240, 3560]"
597,750.0,4,1,151264,3048,1868,{'id': '14769'},"[3048, 1868]"
598,198.0,3,0,149931,2200,2904,{'id': '14806'},"[2200, 2904]"
599,285.0,15,0,151396,2940,4392,{'id': '14842'},"[2940, 4392]"
600,356.0,5,1,153483,3736,1576,{'id': '14843'},"[3736, 1576]"
601,250.0,3,0,156154,2456,2368,{'id': '14879'},"[2456, 2368]"
602,399.0,15,1,154419,3032,4452,{'id': '14895'},"[3032, 4452]"
603,198.0,14,0,151065,4136,4840,{'id': '14910'},"[4136, 4840]"
604,750.0,3,1,152128,2320,2556,{'id': '14916'},"[2320, 2556]"
605,340.0,5,0,157014,3792,1560,{'id': '14925'},"[3792, 1560]"
606,222.0,3,0,157839,2488,2320,{'id': '14948'},"[2488, 2320]"
607,391.0,14,0,157008,4024,4824,{'id': '14991'},"[4024, 4824]"
608,400.0,5,0,154370,4208,1472,{'id': '15017'},"[4208, 1472]"
609,210.0,2,0,152839,2488,4016,{'id': '15038'},"[2488, 4016]"
610,200.0,3,0,155164,2488,2304,{'id': '15104'},"[2488, 2304]"
611,500.0,3,0,149868,2592,2192,{'id': '15110'},"[2592, 2192]"
612,3690.0,3,2,156616,2536,2208,{'id': '15121'},"[2536, 2208]"
613,500.0,5,1,150251,3184,1768,{'id': '15146'},"[3184, 1768]"
614,10000.0,2,0,148253,2248,3656,{'id': '15150'},"[2248, 3656]"
615,699.0,14,0,150785,3976,4824,{'id': '15154'},"[3976, 4824]"
616,380.0,4,1,156128,2880,1944,{'id': '15171'},"[2880, 1944]"
617,4200.0,2,3,151339,2120,3296,{'id': '15181'},"[2120, 3296]"
618,440.0,3,1,150194,2600,2168,{'id': '15192'},"[2600, 2168]"
619,220.0,2,0,150341,2496,4048,{'id': '15238'},"[2496, 4048]"
620,500.0,4,1,149722,2712,2064,{'id': '15257'},"[2712, 2064]"
621,160.0,3,0,157049,2576,2192,{'id': '15300'},"[2576, 2192]"
622,350.0,5,0,152577,4154,1464,{'id': '15334'},"[4154, 1464]"
623,440.0,4,0,150507,2764,2024,{'id': '15346'},"[2764, 2024]"
624,550.0,15,1,156312,2664,4232,{'id': '15450'},"[2664, 4232]"
625,200.0,3,0,153663,2560,2192,{'id': '15458'},"[2560, 2192]"
626,199.0,3,0,154775,2200,2728,{'id': '15483'},"[2200, 2728]"
627,156.0,5,0,155044,3168,1760,{'id': '15505'},"[3168, 1760]"
628,500.0,5,1,150250,3184,1744,{'id': '15533'},"[3184, 1744]"
629,299.0,5,0,157746,4026,1474,{'id': '15540'},"[4026, 1474]"
630,250.0,3,0,149624,2280,2544,{'id': '15565'},"[2280, 2544]"
631,200.0,5,0,156000,4016,1474,{'id': '15579'},"[4016, 1474]"
632,4500.0,2,3,149248,2120,3456,{'id': '15590'},"[2120, 3456]"
633,899.0,15,0,150016,2872,4404,{'id': '15612'},"[2872, 4404]"
634,2100.0,4,2,149536,2720,1992,{'id': '15673'},"[2720, 1992]"
635,275.0,3,0,149347,2160,2784,{'id': '15704'},"[2160, 2784]"
636,380.0,5,1,154964,4184,1432,{'id': '15736'},"[4184, 1432]"
637,219.99,14,0,156200,3832,4824,{'id': '15756'},"[3832, 4824]"
638,799.0,3,0,149447,2376,2368,{'id': '15773'},"[2376, 2368]"
639,187.0,5,0,154976,3624,1560,{'id': '15776'},"[3624, 1560]"
640,800.0,3,1,155967,2176,2708,{'id': '15788'},"[2176, 2708]"
641,499.0,3,0,157750,2160,2752,{'id': '15839'},"[2160, 2752]"
642,369.0,4,1,153797,2952,1848,{'id': '15844'},"[2952, 1848]"
643,800.0,3,1,156195,2160,2728,{'id': '15882'},"[2160, 2728]"
644,500.0,5,1,150249,3184,1720,{'id': '15886'},"[3184, 1720]"
645,1800.0,14,1,157552,3208,4616,{'id': '15958'},"[3208, 4616]"
646,224.99,14,0,149985,3848,4840,{'id': '15968'},"[3848, 4840]"
647,13000.0,17,2,157564,2072,3280,{'id': '15998'},"[2072, 3280]"
648,2199.0,4,2,150012,2684,1992,{'id': '16023'},"[2684, 1992]"
649,400.0,2,0,149436,2460,4088,{'id': '16024'},"[2460, 4088]"
650,250.0,3,0,149635,2496,2192,{'id': '16137'},"[2496, 2192]"
651,2199.0,4,2,149963,3128,1704,{'id': '16142'},"[3128, 1704]"
652,1770.0,3,3,156322,2528,2120,{'id': '16149'},"[2528, 2120]"
653,15000.0,17,2,156650,2072,3352,{'id': '16152'},"[2072, 3352]"
654,4250.0,14,1,155977,3472,4736,{'id': '16162'},"[3472, 4736]"
655,180.0,3,0,152354,2472,2208,{'id': '16240'},"[2472, 2208]"
656,500.0,5,1,150247,3184,1696,{'id': '16263'},"[3184, 1696]"
657,2675.0000000000005,3,2,149657,2136,2660,{'id': '16288'},"[2136, 2660]"
658,3100.0,2,3,149803,2320,3976,{'id': '16328'},"[2320, 3976]"
659,275.0,2,0,149485,2264,3872,{'id': '16357'},"[2264, 3872]"
660,2199.0,4,2,150019,2648,1992,{'id': '16380'},"[2648, 1992]"
661,250.0,3,0,156526,2456,2208,{'id': '16393'},"[2456, 2208]"
662,187.0,2,0,157312,2488,4168,{'id': '16513'},"[2488, 4168]"
663,149.0,3,0,155736,2456,2192,{'id': '16528'},"[2456, 2192]"
664,250.0,3,0,156527,2440,2208,{'id': '16535'},"[2440, 2208]"
665,1431.0,14,2,157274,4014,4884,{'id': '16554'},"[4014, 4884]"
666,800.0,3,0,156531,2392,2256,{'id': '16569'},"[2392, 2256]"
667,500.0,5,1,150245,3184,1672,{'id': '16582'},"[3184, 1672]"
668,999.0,2,0,153004,2448,4136,{'id': '16583'},"[2448, 4136]"
669,750.0,3,1,152134,2248,2432,{'id': '16600'},"[2248, 2432]"
670,750.0,15,1,151375,2544,4232,{'id': '16608'},"[2544, 4232]"
671,321.31,2,0,153936,2460,4152,{'id': '16618'},"[2460, 4152]"
672,250.0,3,0,149544,2184,2544,{'id': '16639'},"[2184, 2544]"
673,2300.0,17,1,150789,2040,3400,{'id': '16649'},"[2040, 3400]"
674,275.0,5,0,150093,3776,1464,{'id': '16662'},"[3776, 1464]"
675,150.0,17,0,157547,2024,3280,{'id': '16676'},"[2024, 3280]"
676,4000.0,14,1,155978,3376,4736,{'id': '16697'},"[3376, 4736]"
677,199.0,17,0,154602,2016,3176,{'id': '16714'},"[2016, 3176]"
678,12569.0,2,0,149281,2392,4088,{'id': '16726'},"[2392, 4088]"
679,2500.0,17,1,150293,2040,3432,{'id': '16743'},"[2040, 3432]"
680,500.0,5,0,156553,4208,1376,{'id': '16747'},"[4208, 1376]"
681,400.0,14,1,154364,3736,4856,{'id': '16753'},"[3736, 4856]"
682,525.0,14,0,157852,3560,4808,{'id': '16756'},"[3560, 4808]"
683,1600.0,17,1,150911,2040,3480,{'id': '16850'},"[2040, 3480]"
684,3200.0,17,1,152841,2016,3376,{'id': '16860'},"[2016, 3376]"
685,355.0,17,0,155528,2000,3176,{'id': '16866'},"[2000, 3176]"
686,2499.0000000000005,15,1,156222,2792,4452,{'id': '16894'},"[2792, 4452]"
687,575.0,3,0,157426,2268,2368,{'id': '16910'},"[2268, 2368]"
688,140.0,14,0,157454,4216,4968,{'id': '16952'},"[4216, 4968]"
689,700.0,3,0,156529,2392,2208,{'id': '16958'},"[2392, 2208]"
690,800.0,15,1,150035,3104,4640,{'id': '16978'},"[3104, 4640]"
691,800.0,15,1,157792,2640,4352,{'id': '16992'},"[2640, 4352]"
692,1760.0,4,2,157696,2572,1992,{'id': '16997'},"[2572, 1992]"
693,149.0,3,0,155739,2252,2368,{'id': '17045'},"[2252, 2368]"
694,690.0,2,1,154967,2200,3888,{'id': '17065'},"[2200, 3888]"
695,750.0,3,1,152133,2200,2432,{'id': '17066'},"[2200, 2432]"
696,138.0,18,0,157972,2080,2670,{'id': '17072'},"[2080, 2670]"
697,475.0,14,1,156797,3544,4824,{'id': '17081'},"[3544, 4824]"
698,650.0,3,0,157529,2392,2192,{'id': '17100'},"[2392, 2192]"
699,185.0,3,0,150779,2312,2280,{'id': '17125'},"[2312, 2280]"
700,275.0,17,0,149552,2024,3520,{'id': '17156'},"[2024, 3520]"
701,2999.0000000000005,4,0,149224,2764,1864,{'id': '17210'},"[2764, 1864]"
702,410.0,15,1,152230,2472,4232,{'id': '17230'},"[2472, 4232]"
703,978.0,3,0,150576,2376,2192,{'id': '17243'},"[2376, 2192]"
704,750.0,3,1,152132,2176,2432,{'id': '17304'},"[2176, 2432]"
705,500.0,3,1,152964,2160,2456,{'id': '17323'},"[2160, 2456]"
706,2300.0,3,3,156920,2176,2384,{'id': '17335'},"[2176, 2384]"
707,1420.0,2,0,150983,2148,3848,{'id': '17351'},"[2148, 3848]"
708,500.0,17,0,155185,1952,3176,{'id': '17367'},"[1952, 3176]"
709,300.0,3,0,151416,2360,2192,{'id': '17381'},"[2360, 2192]"
710,1750.0,5,2,152823,4144,1312,{'id': '17401'},"[4144, 1312]"
711,2700.0,4,2,156619,2608,1920,{'id': '17442'},"[2608, 1920]"
712,400.0,3,1,156517,2368,2168,{'id': '17456'},"[2368, 2168]"
713,622.0,14,1,154380,3232,4736,{'id': '17483'},"[3232, 4736]"
714,348.0,18,0,157113,1936,3152,{'id': '17538'},"[1936, 3152]"
715,299.0,2,0,157506,2264,4048,{'id': '17585'},"[2264, 4048]"
716,180.0,3,0,150196,2264,2280,{'id': '17586'},"[2264, 2280]"
717,410.0,17,1,152232,2016,3638,{'id': '17631'},"[2016, 3638]"
718,250.0,5,0,149599,3296,1550,{'id': '17647'},"[3296, 1550]"
719,400.0,3,1,156513,2344,2168,{'id': '17659'},"[2344, 2168]"
720,600.0,18,1,151431,1920,3080,{'id': '17694'},"[1920, 3080]"
721,2500.0,17,0,150577,1936,3360,{'id': '17704'},"[1936, 3360]"
722,2199.0,4,2,150026,2488,1992,{'id': '17709'},"[2488, 1992]"
723,350.0,5,1,150739,4184,1312,{'id': '17712'},"[4184, 1312]"
724,250.0,5,0,149680,3718,1408,{'id': '17715'},"[3718, 1408]"
725,2700.0,4,2,156620,2572,1920,{'id': '17744'},"[2572, 1920]"
726,2600.0,3,2,156844,2140,2384,{'id': '17751'},"[2140, 2384]"
727,450.0,18,1,157498,1920,3008,{'id': '17777'},"[1920, 3008]"
728,1770.0,4,2,156320,2888,1704,{'id': '17779'},"[2888, 1704]"
729,229.0,18,0,150188,2016,2660,{'id': '17796'},"[2016, 2660]"
730,450.0,18,1,157497,1920,2984,{'id': '17811'},"[1920, 2984]"
731,999.0,17,1,157645,1936,3456,{'id': '17866'},"[1936, 3456]"
732,275.0,14,0,149662,4200,5024,{'id': '17870'},"[4200, 5024]"
733,650.0,14,1,149726,3376,4824,{'id': '17898'},"[3376, 4824]"
734,250.0,14,0,149150,4184,5024,{'id': '17902'},"[4184, 5024]"
735,250.0,5,0,149125,3168,1584,{'id': '17921'},"[3168, 1584]"
736,410.0,17,1,152234,1912,3376,{'id': '17946'},"[1912, 3376]"
737,802.0,17,1,156238,2036,3756,{'id': '17958'},"[2036, 3756]"
738,144.0,15,0,155847,2376,4224,{'id': '17995'},"[2376, 4224]"
739,380.0,18,1,152462,1888,3104,{'id': '18014'},"[1888, 3104]"
740,1969.0,4,2,156621,2536,1920,{'id': '18018'},"[2536, 1920]"
741,2499.0000000000005,4,2,150426,2448,1992,{'id': '18044'},"[2448, 1992]"
742,319.31,18,0,154680,1888,3152,{'id': '18052'},"[1888, 3152]"
743,4000.0,17,2,149352,2068,3824,{'id': '18059'},"[2068, 3824]"
744,830.0,3,1,151698,2296,2168,{'id': '18101'},"[2296, 2168]"
745,250.0,5,0,149641,3216,1550,{'id': '18103'},"[3216, 1550]"
746,250.0,5,0,156158,4144,1296,{'id': '18123'},"[4144, 1296]"
747,235.0,17,0,149898,2024,3760,{'id': '18132'},"[2024, 3760]"
748,144.0,14,0,157174,4088,5024,{'id': '18134'},"[4088, 5024]"
749,1999.0,17,2,157534,1872,3280,{'id': '18202'},"[1872, 3280]"
750,222.0,2,0,149966,2200,4048,{'id': '18205'},"[2200, 4048]"
751,305.0,5,0,157736,3718,1376,{'id': '18214'},"[3718, 1376]"
752,4500.0,17,1,155102,2036,3800,{'id': '18215'},"[2036, 3800]"
753,149.0,18,0,155748,1952,2720,{'id': '18229'},"[1952, 2720]"
754,500.0,15,1,151902,2914,4640,{'id': '18255'},"[2914, 4640]"
755,650.0,14,0,150907,3264,4808,{'id': '18267'},"[3264, 4808]"
756,199.0,18,0,149972,1952,2704,{'id': '18288'},"[1952, 2704]"
757,1770.0,4,2,156321,3088,1560,{'id': '18308'},"[3088, 1560]"
758,500.0,17,0,151501,1960,3652,{'id': '18325'},"[1960, 3652]"
759,600.0,3,1,151528,2272,2168,{'id': '18351'},"[2272, 2168]"
760,219.9,17,0,151387,2024,3800,{'id': '18369'},"[2024, 3800]"
761,250.0,2,0,149632,2184,4048,{'id': '18374'},"[2184, 4048]"
762,212.0,3,0,151449,2184,2280,{'id': '18375'},"[2184, 2280]"
763,1620.0,4,2,156966,2928,1632,{'id': '18415'},"[2928, 1632]"
764,399.0,18,0,149744,1856,3152,{'id': '18433'},"[1856, 3152]"
765,600.0,18,1,157081,1864,2984,{'id': '18435'},"[1864, 2984]"
766,250.0,15,0,149617,2376,4272,{'id': '18495'},"[2376, 4272]"
767,290.0,18,0,154600,1952,2660,{'id': '18496'},"[1952, 2660]"
768,2000.0,5,2,150986,3784,1312,{'id': '18499'},"[3784, 1312]"
769,49999.99999999999,15,2,156177,2648,4476,{'id': '18510'},"[2648, 4476]"
770,333.0,5,0,151956,4000,1296,{'id': '18540'},"[4000, 1296]"
771,2500.0,17,2,149817,2068,3896,{'id': '18548'},"[2068, 3896]"
772,4900.0,4,2,157632,3048,1560,{'id': '18581'},"[3048, 1560]"
773,1000.0,18,0,156806,1920,2720,{'id': '18586'},"[1920, 2720]"
774,500.0,15,1,151903,2912,4664,{'id': '18594'},"[2912, 4664]"
775,399.0,2,0,157116,2232,4136,{'id': '18621'},"[2232, 4136]"
776,140.0,14,0,157455,3928,5024,{'id': '18626'},"[3928, 5024]"
777,500.0,18,0,154827,1864,2912,{'id': '18639'},"[1864, 2912]"
778,3500.0,5,0,151967,3304,1480,{'id': '18647'},"[3304, 1480]"
779,599.0,17,1,151699,2036,3872,{'id': '18665'},"[2036, 3872]"
780,231.0,18,0,151446,1864,2896,{'id': '18677'},"[1864, 2896]"
781,140.0,14,0,157456,3912,5024,{'id': '18683'},"[3912, 5024]"
782,140.0,14,0,157458,3896,5024,{'id': '18746'},"[3896, 5024]"
783,149.0,5,0,155741,3656,1360,{'id': '18752'},"[3656, 1360]"
784,795.0,18,0,155784,1896,2752,{'id': '18755'},"[1896, 2752]"
785,2999.9900000000002,14,2,153160,3344,4848,{'id': '18779'},"[3344, 4848]"
786,299.0,2,0,157763,2216,4136,{'id': '18786'},"[2216, 4136]"
787,749.0,15,0,152754,2392,4320,{'id': '18827'},"[2392, 4320]"
788,420.0,2,0,149792,2164,4080,{'id': '18842'},"[2164, 4080]"
789,250.0,14,0,149819,3864,5024,{'id': '18844'},"[3864, 5024]"
790,250.0,18,0,149570,1952,2584,{'id': '18867'},"[1952, 2584]"
791,155.0,4,0,154054,2352,2040,{'id': '18885'},"[2352, 2040]"
792,1000.0,3,0,150487,2160,2248,{'id': '18892'},"[2160, 2248]"
793,250.0,4,0,149676,2368,2024,{'id': '18899'},"[2368, 2024]"
794,3500.0,18,3,155809,1792,3048,{'id': '18917'},"[1792, 3048]"
795,550.0,15,1,154959,3008,4736,{'id': '18919'},"[3008, 4736]"
796,442.31,18,0,157038,1896,2704,{'id': '18932'},"[1896, 2704]"
797,3500.0,18,3,155812,1792,3008,{'id': '18962'},"[1792, 3008]"
798,17800.0,15,0,151994,2376,4320,{'id': '18988'},"[2376, 4320]"
799,300.0,17,1,151369,2036,3920,{'id': '18990'},"[2036, 3920]"
800,299.0,18,0,157764,1880,2736,{'id': '19005'},"[1880, 2736]"
801,164.0,14,0,151310,3816,5024,{'id': '19047'},"[3816, 5024]"
802,148.0,18,0,155776,1952,2552,{'id': '19059'},"[1952, 2552]"
803,250.0,4,0,149285,2352,2024,{'id': '19067'},"[2352, 2024]"
804,1700.0,17,2,157540,1800,3280,{'id': '19072'},"[1800, 3280]"
805,350.0,4,0,153923,3080,1544,{'id': '19109'},"[3080, 1544]"
806,2199.0,17,3,157368,1864,3644,{'id': '19143'},"[1864, 3644]"
807,650.0,17,1,154190,2036,3940,{'id': '19144'},"[2036, 3940]"
808,153.0,3,0,154051,2160,2216,{'id': '19191'},"[2160, 2216]"
809,525.0,15,1,156649,2912,4712,{'id': '19294'},"[2912, 4712]"
810,394.0,3,1,157136,2160,2192,{'id': '19321'},"[2160, 2192]"
811,14999.0,15,1,150591,3144,4824,{'id': '19330'},"[3144, 4824]"
812,1035.0,5,1,153404,4208,1216,{'id': '19336'},"[4208, 1216]"
813,500.0,15,1,151905,2862,4688,{'id': '19343'},"[2862, 4688]"
814,999.0,2,0,157737,2148,4128,{'id': '19453'},"[2148, 4128]"
815,700.0,15,1,156651,2888,4712,{'id': '19483'},"[2888, 4712]"
816,1769.0,2,3,156615,2176,4184,{'id': '19490'},"[2176, 4184]"
817,978.0,5,0,150574,3760,1286,{'id': '19567'},"[3760, 1286]"
818,580.0,15,0,155822,3064,4808,{'id': '19575'},"[3064, 4808]"
819,1900.0,5,2,150352,3296,1392,{'id': '19577'},"[3296, 1392]"
820,690.0,5,0,157739,3744,1286,{'id': '19625'},"[3744, 1286]"
821,690.0,17,0,150745,1760,3296,{'id': '19670'},"[1760, 3296]"
822,350.0,4,0,149411,3152,1472,{'id': '19700'},"[3152, 1472]"
823,2800.0,17,2,149713,2068,4048,{'id': '19703'},"[2068, 4048]"
824,299.0,17,0,157766,1968,3914,{'id': '19704'},"[1968, 3914]"
825,1400.0,18,1,154770,1744,3128,{'id': '19724'},"[1744, 3128]"
826,1350.0,18,0,150600,1864,2612,{'id': '19726'},"[1864, 2612]"
827,2500.0,5,2,154777,3496,1312,{'id': '19771'},"[3496, 1312]"
828,250.0,15,0,149577,2312,4336,{'id': '19775'},"[2312, 4336]"
829,299.0,18,0,157755,1884,2552,{'id': '19816'},"[1884, 2552]"
830,299.0,18,0,151024,1952,2424,{'id': '19823'},"[1952, 2424]"
831,2229.0,14,2,156400,4072,5092,{'id': '19825'},"[4072, 5092]"
832,9690.0,18,3,151342,1712,3088,{'id': '19840'},"[1712, 3088]"
833,4800.0,3,2,149496,2140,2120,{'id': '19848'},"[2140, 2120]"
834,3300.0,18,3,155814,1712,3048,{'id': '19868'},"[1712, 3048]"
835,175.0,17,0,150751,1736,3176,{'id': '19870'},"[1736, 3176]"
836,1111.0,17,0,151664,2024,4024,{'id': '19888'},"[2024, 4024]"
837,3000.0,14,2,149205,3344,4920,{'id': '19915'},"[3344, 4920]"
838,398.0,4,0,149638,2180,2104,{'id': '19963'},"[2180, 2104]"
839,220.0,4,0,151879,2208,2072,{'id': '19981'},"[2208, 2072]"
840,200.0,18,0,156309,1884,2520,{'id': '19987'},"[1884, 2520]"
841,2990.0,5,2,150626,3216,1392,{'id': '20015'},"[3216, 1392]"
842,283.0,5,0,152590,3176,1440,{'id': '20021'},"[3176, 1440]"
843,400.0,5,0,157090,3640,1286,{'id': '20046'},"[3640, 1286]"
844,250.0,18,0,153661,1884,2504,{'id': '20077'},"[1884, 2504]"
845,145.0,18,0,156725,1808,2670,{'id': '20098'},"[1808, 2670]"
846,225.0,5,0,155681,3936,1216,{'id': '20108'},"[3936, 1216]"
847,3490.0,18,3,155976,1712,2888,{'id': '20125'},"[1712, 2888]"
848,250.0,5,0,149693,3576,1296,{'id': '20181'},"[3576, 1296]"
849,450.0,17,1,150589,1912,3896,{'id': '20199'},"[1912, 3896]"
850,149.0,5,0,155745,3560,1296,{'id': '20246'},"[3560, 1296]"
851,250.0,4,0,149648,2152,2104,{'id': '20252'},"[2152, 2104]"
852,158.0,5,0,154060,3792,1236,{'id': '20283'},"[3792, 1236]"
853,450.0,5,1,149270,3192,1408,{'id': '20358'},"[3192, 1408]"
854,144.0,15,0,155851,2140,4224,{'id': '20392'},"[2140, 4224]"
855,555.0,18,0,155287,1696,3072,{'id': '20407'},"[1696, 3072]"
856,2499.0000000000005,5,2,150078,3376,1312,{'id': '20409'},"[3376, 1312]"
857,1100.0,4,0,149746,2152,2088,{'id': '20436'},"[2152, 2088]"
858,299.0,18,0,150988,1864,2488,{'id': '20438'},"[1864, 2488]"
859,170.0,5,0,152355,3560,1286,{'id': '20439'},"[3560, 1286]"
860,250.0,5,0,151559,3496,1296,{'id': '20577'},"[3496, 1296]"
861,3500.0,17,2,149191,1808,3752,{'id': '20593'},"[1808, 3752]"
862,2500.0,18,0,150563,1884,2424,{'id': '20604'},"[1884, 2424]"
863,620.0,4,0,157598,3000,1480,{'id': '20605'},"[3000, 1480]"
864,1300.0,17,1,151319,1672,3192,{'id': '20619'},"[1672, 3192]"
865,299.0,18,0,157747,1696,2928,{'id': '20622'},"[1696, 2928]"
866,177.0,4,0,153235,2208,2008,{'id': '20654'},"[2208, 2008]"
867,499.0,5,0,157738,3512,1286,{'id': '20666'},"[3512, 1286]"
868,1000.0,15,1,149344,2768,4736,{'id': '20715'},"[2768, 4736]"
869,5000.0,5,0,156997,3464,1296,{'id': '20742'},"[3464, 1296]"
870,190.0,5,0,150258,3760,1216,{'id': '20786'},"[3760, 1216]"
871,550.0,18,1,151432,1672,2960,{'id': '20810'},"[1672, 2960]"
872,3000.0,18,0,150557,1874,2408,{'id': '20840'},"[1874, 2408]"
873,1598.0,14,2,154213,4152,5160,{'id': '20860'},"[4152, 5160]"
874,155.0,15,0,153323,2140,4272,{'id': '20866'},"[2140, 4272]"
875,420.0,15,1,157127,2552,4616,{'id': '20892'},"[2552, 4616]"
876,2800.0,14,2,149859,3752,5092,{'id': '20898'},"[3752, 5092]"
877,250.0,5,0,149290,3728,1216,{'id': '20900'},"[3728, 1216]"
878,1088.0,15,0,157560,2200,4336,{'id': '20912'},"[2200, 4336]"
879,1200.0,18,0,157765,1864,2408,{'id': '20952'},"[1864, 2408]"
880,1448.0,14,2,156854,4112,5160,{'id': '20966'},"[4112, 5160]"
881,599.0,18,1,151430,1672,2864,{'id': '21018'},"[1672, 2864]"
882,400.0,17,0,149499,1736,3668,{'id': '21045'},"[1736, 3668]"
883,198.0,5,0,150648,3608,1236,{'id': '21091'},"[3608, 1236]"
884,299.0,4,0,157748,2376,1824,{'id': '21097'},"[2376, 1824]"
885,149.0,5,0,155728,3432,1286,{'id': '21110'},"[3432, 1286]"
886,400.0,18,0,156029,1696,2768,{'id': '21118'},"[1696, 2768]"
887,389.0,17,0,152492,2024,4168,{'id': '21155'},"[2024, 4168]"
888,410.0,18,1,152229,1648,2936,{'id': '21179'},"[1648, 2936]"
889,500.0,15,1,151906,2672,4712,{'id': '21205'},"[2672, 4712]"
890,551.0,18,1,155889,1628,3128,{'id': '21208'},"[1628, 3128]"
891,139.0,17,0,157943,1936,4064,{'id': '21244'},"[1936, 4064]"
892,300.0,17,0,149559,1736,3716,{'id': '21295'},"[1736, 3716]"
893,990.0,17,1,157570,1652,3456,{'id': '21298'},"[1652, 3456]"
894,1600.0,18,0,150586,1712,2670,{'id': '21313'},"[1712, 2670]"
895,500.0,4,0,149764,2344,1832,{'id': '21318'},"[2344, 1832]"
896,2400.0,5,2,149707,3216,1312,{'id': '21368'},"[3216, 1312]"
897,199.0,4,0,150707,2140,2008,{'id': '21395'},"[2140, 2008]"
898,170.0,5,0,153594,3544,1236,{'id': '21403'},"[3544, 1236]"
899,2776.9999999999995,19,2,149614,2068,2040,{'id': '21417'},"[2068, 2040]"
900,2800.0,17,2,157539,1604,3280,{'id': '21484'},"[1604, 3280]"
901,325.0,4,1,156625,2188,1944,{'id': '21487'},"[2188, 1944]"
902,1950.0,15,0,149658,2800,4808,{'id': '21520'},"[2800, 4808]"
903,1450.0,18,1,151240,1604,3080,{'id': '21523'},"[1604, 3080]"
904,4800.0,17,3,152919,1952,4144,{'id': '21524'},"[1952, 4144]"
905,499.69,18,1,151656,1628,2888,{'id': '21528'},"[1628, 2888]"
906,555.0,18,1,155864,1604,3056,{'id': '21545'},"[1604, 3056]"
907,250.0,5,0,149587,3576,1216,{'id': '21617'},"[3576, 1216]"
908,500.0,15,1,156648,2624,4712,{'id': '21618'},"[2624, 4712]"
909,1000.0,18,1,157193,1944,2200,{'id': '21622'},"[1944, 2200]"
910,139.0,17,0,157950,2016,4208,{'id': '21627'},"[2016, 4208]"
911,176.0,4,0,153234,2312,1832,{'id': '21647'},"[2312, 1832]"
912,2700.0,18,1,157812,1888,2272,{'id': '21662'},"[1888, 2272]"
913,200.0,17,0,150979,1672,3624,{'id': '21675'},"[1672, 3624]"
914,799.0,17,1,157644,1652,3576,{'id': '21698'},"[1652, 3576]"
915,190.0,15,0,150306,2248,4448,{'id': '21715'},"[2248, 4448]"
916,1500.0,18,0,154131,1684,2660,{'id': '21722'},"[1684, 2660]"
917,149.0,5,0,155723,3480,1236,{'id': '21733'},"[3480, 1236]"
918,2750.0,18,1,152926,1864,2296,{'id': '21742'},"[1864, 2296]"
919,800.0,18,1,156194,1652,2720,{'id': '21785'},"[1652, 2720]"
920,170.0,4,0,150909,2296,1832,{'id': '21804'},"[2296, 1832]"
921,200.0,5,0,156473,3496,1226,{'id': '21834'},"[3496, 1226]"
922,15000.0,16,2,151637,2068,4272,{'id': '21846'},"[2068, 4272]"
923,1000.0,15,0,155918,2232,4448,{'id': '21880'},"[2232, 4448]"
924,250.0,5,0,149320,3448,1236,{'id': '21906'},"[3448, 1236]"
925,330.0,14,1,157118,4112,5232,{'id': '21922'},"[4112, 5232]"
926,11111.0,14,2,149123,3528,5092,{'id': '21938'},"[3528, 5092]"
927,800.0,15,0,153019,2620,4736,{'id': '21970'},"[2620, 4736]"
928,300.0,14,1,157313,4088,5232,{'id': '21977'},"[4088, 5232]"
929,375.0,17,1,150430,1912,4120,{'id': '21984'},"[1912, 4120]"
930,800.0,4,0,156038,2816,1480,{'id': '22011'},"[2816, 1480]"
931,800.0,15,0,156188,2736,4808,{'id': '22058'},"[2736, 4808]"
932,1600.0,17,1,153144,1976,4208,{'id': '22064'},"[1976, 4208]"
933,3500.0,4,2,155288,2896,1400,{'id': '22126'},"[2896, 1400]"
934,4000.0,4,0,149258,2800,1480,{'id': '22143'},"[2800, 1480]"
935,160.0,15,0,155678,2200,4448,{'id': '22190'},"[2200, 4448]"
936,210.0,4,0,153305,2808,1472,{'id': '22193'},"[2808, 1472]"
937,249.0,15,0,155091,2216,4464,{'id': '22197'},"[2216, 4464]"
938,2222.0,17,1,152256,1756,3920,{'id': '22222'},"[1756, 3920]"
939,4500.0,14,2,149367,3716,5160,{'id': '22279'},"[3716, 5160]"
940,4500.0,18,1,153127,1660,2584,{'id': '22280'},"[1660, 2584]"
941,2900.0,14,2,149206,3448,5092,{'id': '22300'},"[3448, 5092]"
942,420.0,15,1,157132,2576,4736,{'id': '22326'},"[2576, 4736]"
943,149.0,15,0,155735,2200,4464,{'id': '22336'},"[2200, 4464]"
944,9999.0,16,3,153472,2000,4288,{'id': '22346'},"[2000, 4288]"
945,165.0,4,0,153308,2648,1544,{'id': '22365'},"[2648, 1544]"
946,290.0,14,1,157966,4088,5256,{'id': '22383'},"[4088, 5256]"
947,1500.0,4,1,149268,3128,1308,{'id': '22404'},"[3128, 1308]"
948,450.0,18,1,149261,1888,2176,{'id': '22409'},"[1888, 2176]"
949,750.0,14,1,151301,3920,5232,{'id': '22412'},"[3920, 5232]"
950,520.0,15,1,157130,2552,4736,{'id': '22524'},"[2552, 4736]"
951,1390.0,18,1,151414,1524,3056,{'id': '22527'},"[1524, 3056]"
952,600.0,18,0,156011,1936,2112,{'id': '22533'},"[1936, 2112]"
953,390.0,4,1,157846,3104,1308,{'id': '22548'},"[3104, 1308]"
954,4500.0,14,2,149470,3644,5160,{'id': '22556'},"[3644, 5160]"
955,369.0,5,1,155627,3792,1104,{'id': '22566'},"[3792, 1104]"
956,2968.9999999999995,18,3,151346,1500,2968,{'id': '22615'},"[1500, 2968]"
957,2780.0,4,2,150723,2336,1688,{'id': '22670'},"[2336, 1688]"
958,2500.0,5,2,149701,3560,1124,{'id': '22700'},"[3560, 1124]"
959,420.0,15,1,157129,2528,4736,{'id': '22708'},"[2528, 4736]"
960,1275.0,18,1,154991,1504,3080,{'id': '22732'},"[1504, 3080]"
961,3299.0000000000005,18,3,151546,1500,2888,{'id': '22754'},"[1500, 2888]"
962,250.0,17,0,152411,1704,3914,{'id': '22767'},"[1704, 3914]"
963,1050.0,18,1,157324,1500,3056,{'id': '22793'},"[1500, 3056]"
964,800.0,15,0,153017,2440,4690,{'id': '22827'},"[2440, 4690]"
965,3000.0,5,2,149633,3816,1056,{'id': '22862'},"[3816, 1056]"
966,1800.0,14,2,154266,3568,5160,{'id': '22863'},"[3568, 5160]"
967,5449.999999999999,18,1,150950,1548,2744,{'id': '22917'},"[1548, 2744]"
968,800.0,4,0,156040,2688,1480,{'id': '22943'},"[2688, 1480]"
969,180.0,17,0,154859,1488,3216,{'id': '22959'},"[1488, 3216]"
970,8888.0,18,1,150319,1620,2536,{'id': '22964'},"[1620, 2536]"
971,480.0,4,1,152780,3032,1308,{'id': '22982'},"[3032, 1308]"
972,520.0,15,1,157128,2456,4712,{'id': '22999'},"[2456, 4712]"
973,1900.0,17,2,156482,1604,3752,{'id': '23025'},"[1604, 3752]"
974,3500.0,14,2,149212,3528,5160,{'id': '23036'},"[3528, 5160]"
975,300.0,17,0,151080,1488,3336,{'id': '23084'},"[1488, 3336]"
976,450.0,17,0,154453,1728,4002,{'id': '23093'},"[1728, 4002]"
977,300.0,4,0,149535,2680,1472,{'id': '23114'},"[2680, 1472]"
978,480.0,4,1,152779,3008,1308,{'id': '23134'},"[3008, 1308]"
979,380.0,18,0,156286,1700,2360,{'id': '23162'},"[1700, 2360]"
980,139.0,17,0,157941,1760,4064,{'id': '23166'},"[1760, 4064]"
981,3500.0,17,2,149168,1808,4120,{'id': '23170'},"[1808, 4120]"
982,799.0,5,1,156301,3416,1160,{'id': '23200'},"[3416, 1160]"
983,300.0,17,1,155676,1776,4096,{'id': '23225'},"[1776, 4096]"
984,350.0,4,0,153925,2140,1832,{'id': '23249'},"[2140, 1832]"
985,475.0,5,1,156491,3192,1228,{'id': '23276'},"[3192, 1228]"
986,23333.0,18,1,156037,1660,2392,{'id': '23333'},"[1660, 2392]"
987,300.0,18,0,152576,1464,3008,{'id': '23338'},"[1464, 3008]"
988,2100.0,19,3,149457,2036,1880,{'id': '23341'},"[2036, 1880]"
989,4155.0,18,1,153989,1524,2696,{'id': '23370'},"[1524, 2696]"
990,320.0,17,1,153204,1652,3920,{'id': '23380'},"[1652, 3920]"
991,290.0,14,1,157773,3648,5232,{'id': '23382'},"[3648, 5232]"
992,4000.0,14,2,149175,3448,5160,{'id': '23407'},"[3448, 5160]"
993,555.0,15,1,156652,2376,4696,{'id': '23470'},"[2376, 4696]"
994,300.0,4,1,157459,3008,1284,{'id': '23492'},"[3008, 1284]"
995,4849.999999999999,4,2,153151,2336,1616,{'id': '23535'},"[2336, 1616]"
996,6000.0,18,1,150844,1640,2392,{'id': '23551'},"[1640, 2392]"
997,3332.9999999999995,4,2,150714,2140,1760,{'id': '23607'},"[2140, 1760]"
998,1400.0,17,0,155815,1432,3192,{'id': '23614'},"[1432, 3192]"
999,300.0,4,1,157457,2984,1284,{'id': '23635'},"[2984, 1284]"
