,Date,Price,market_cap,total_volume
0,2020-09-14 00:00:00+00:00,0.6622139698399856,10251340.283580108,894499.6301270226
1,2020-09-15 00:00:00+00:00,0.6622139698399856,10251340.283580108,894499.6301270226
2,2020-09-16 00:00:00+00:00,0.8826558770745347,21366351.353723764,6275304.800803053
3,2020-09-17 00:00:00+00:00,0.6930437298624063,14068505.72098768,3411160.540862163
4,2020-09-18 00:00:00+00:00,0.5735695848079249,10038386.002005763,1261250.726790599
5,2020-09-19 00:00:00+00:00,0.5754268804754821,9743116.103334192,1469081.5468854392
6,2020-09-20 00:00:00+00:00,0.6027742824431044,10413093.98601612,1560065.2841212612
7,2020-09-21 00:00:00+00:00,0.5481828735565742,9566086.91091115,1447669.2261941358
8,2020-09-22 00:00:00+00:00,0.5681330107430528,8974806.776329575,1596616.478136923
9,2020-09-23 00:00:00+00:00,0.8445748405673481,20684557.289051265,15697665.571939783
10,2020-09-24 00:00:00+00:00,0.7358680448708228,15764874.294261288,8489015.639769716
11,2020-09-25 00:00:00+00:00,0.7729781480062092,17272866.598576527,4627589.766018098
12,2020-09-26 00:00:00+00:00,0.7209147089584799,15474702.459230669,3387443.4329454685
13,2020-09-27 00:00:00+00:00,0.7371165075496331,15978998.746094055,3081540.893991299
14,2020-09-28 00:00:00+00:00,0.7201741930733063,15198014.09033361,2769316.4223431405
15,2020-09-29 00:00:00+00:00,0.6735927253516311,13506683.38910251,2715504.136266392
16,2020-09-30 00:00:00+00:00,0.6898550829941431,13725369.916585747,3270554.2302889195
17,2020-10-01 00:00:00+00:00,0.7257139909761147,15150103.403497037,3332941.3565687733
18,2020-10-02 00:00:00+00:00,0.6799316204082829,13534797.892457671,2409053.4233959657
19,2020-10-03 00:00:00+00:00,0.667158836303499,12889581.23084446,2813049.7435540594
20,2020-10-04 00:00:00+00:00,0.6659458791246392,12839312.08318358,1716031.1427257245
21,2020-10-05 00:00:00+00:00,0.6732508266212598,12941348.033195969,2166407.345737985
22,2020-10-06 00:00:00+00:00,0.6726912933056652,13086669.484289184,2062294.0893767904
23,2020-10-07 00:00:00+00:00,0.6365330113420493,11927393.648265108,2559550.048287425
24,2020-10-08 00:00:00+00:00,0.6285541181379793,11476167.779665053,2376516.3892069645
25,2020-10-09 00:00:00+00:00,0.6358563921445513,11641060.63560458,2037349.249390251
26,2020-10-10 00:00:00+00:00,0.636671154429068,11805168.660771884,2141259.390571694
27,2020-10-11 00:00:00+00:00,0.6399224486175638,11933631.658797426,2119435.3075397653
28,2020-10-12 00:00:00+00:00,0.6333779707878873,11865765.04427628,1661506.3544025396
29,2020-10-13 00:00:00+00:00,0.63651888032923,11809403.894559031,2201585.011127486
30,2020-10-14 00:00:00+00:00,0.6183390378033068,11516040.359982556,9282620.183613813
31,2020-10-15 00:00:00+00:00,0.6126234944168848,11091913.213581717,12628891.770845495
32,2020-10-16 00:00:00+00:00,0.6120301923896306,11049207.171297977,10260651.122303506
33,2020-10-17 00:00:00+00:00,0.5947982651000256,10506689.84791226,12980957.849878998
34,2020-10-18 00:00:00+00:00,0.6407569027698633,11773819.293051302,13067159.087459968
35,2020-10-19 00:00:00+00:00,0.6432452091283476,12228930.523483695,11228794.94424319
36,2020-10-20 00:00:00+00:00,0.6060285301858745,11178104.48895087,9073942.851961348
37,2020-10-21 00:00:00+00:00,0.5720634725540419,10621123.445575854,10143478.87732681
38,2020-10-22 00:00:00+00:00,0.5549179398229941,10300713.809714433,10109691.90953159
39,2020-10-23 00:00:00+00:00,0.5759043963024154,10230671.459943144,9641411.437762205
40,2020-10-24 00:00:00+00:00,0.5990327866508045,10515325.817320118,1804000.04868326
41,2020-10-25 00:00:00+00:00,0.5111307400320116,9027709.49841873,9988791.165496852
42,2020-10-26 00:00:00+00:00,0.4998884498240609,10471603.459234724,7661160.358306429
43,2020-10-27 00:00:00+00:00,0.5837596272812562,10077902.37601646,1468249.2236964789
44,2020-10-28 00:00:00+00:00,0.585268533527224,10111357.044703929,1388230.6108564057
45,2020-10-29 00:00:00+00:00,0.5422043050889388,9331437.906184891,9809534.445327086
46,2020-10-30 00:00:00+00:00,0.576680433422023,9811108.20365448,1566165.2320104411
47,2020-10-31 00:00:00+00:00,0.5753085622169017,9712818.412088698,1588708.139323685
48,2020-11-01 00:00:00+00:00,0.5656010531361894,9503345.764224958,1359024.7079573784
49,2020-11-02 00:00:00+00:00,0.560991190017999,9407297.996602325,1277845.5415237558
50,2020-11-03 00:00:00+00:00,0.557766230369015,9320973.892991284,1503631.5507383558
51,2020-11-04 00:00:00+00:00,0.5574707525956005,9170773.254575929,1435007.9507235405
52,2020-11-05 00:00:00+00:00,0.5485432139767061,8867097.824332306,1668437.753810634
53,2020-11-06 00:00:00+00:00,0.5425993189440157,8746021.204170257,1547291.9496930914
54,2020-11-07 00:00:00+00:00,0.5407394037081618,8596192.564777518,1812515.156263345
55,2020-11-08 00:00:00+00:00,0.5433076314613257,8694969.230352135,1547037.9409388637
56,2020-11-09 00:00:00+00:00,0.5429423202094937,8677272.082755277,1218619.3965827357
57,2020-11-10 00:00:00+00:00,0.5435405149387653,8617984.698261615,1454773.5022599518
58,2020-11-11 00:00:00+00:00,0.5420368453409828,8645102.68948992,2115407.515707782
59,2020-11-12 00:00:00+00:00,0.5478263428091156,8734376.696685761,1579907.3112708132
60,2020-11-13 00:00:00+00:00,0.5466830220588269,8824000.330956277,1436999.813455644
61,2020-11-14 00:00:00+00:00,0.543189439627194,8757433.83185743,1771433.3810722418
62,2020-11-15 00:00:00+00:00,0.5492303310037232,8824492.927344583,1366658.9890645277
63,2020-11-16 00:00:00+00:00,0.5459012031639795,8759384.078813365,1207379.76774282
64,2020-11-17 00:00:00+00:00,0.5517071598332397,8869953.887749437,1427868.0010503284
65,2020-11-18 00:00:00+00:00,0.5490921101535304,8830470.236850848,1578079.1758501187
66,2020-11-19 00:00:00+00:00,0.5453276941038862,8726580.918986188,1501624.6532598718
67,2020-11-20 00:00:00+00:00,0.5509854787518362,8882246.771258336,1500898.993541154
68,2020-11-21 00:00:00+00:00,0.5394467734188976,8838287.208644077,2055171.1958563668
69,2020-11-22 00:00:00+00:00,0.5487335846713558,8845456.02106842,2659831.494561062
70,2020-11-23 00:00:00+00:00,0.5572082215833575,9042943.310955323,2827942.547907844
71,2020-11-24 00:00:00+00:00,0.5589594467333489,9079547.79971032,3030660.5333365207
72,2020-11-25 00:00:00+00:00,0.549466308943343,8458168.898797685,3267256.8159439373
73,2020-11-26 00:00:00+00:00,0.5250224622513566,8147584.392754319,1387003.934812421
74,2020-11-27 00:00:00+00:00,0.5079157453969304,7510736.543522317,2010653.6555052884
75,2020-11-28 00:00:00+00:00,0.506437571872502,7530815.29171659,889213.2386528158
76,2020-11-29 00:00:00+00:00,0.5027750032128729,7492153.752590853,995957.0136099142
77,2020-11-30 00:00:00+00:00,0.5136280705915662,7672650.63710534,988922.6623873516
78,2020-12-01 00:00:00+00:00,0.5081579609871263,7632702.936701783,1297996.9442278123
79,2020-12-02 00:00:00+00:00,0.497575299141975,7232214.99691866,1702969.0498741334
80,2020-12-03 00:00:00+00:00,0.5077592347658599,7514921.378465711,1164985.8890600526
81,2020-12-04 00:00:00+00:00,0.4965300780846425,7365451.882901802,1122232.0311443969
82,2020-12-05 00:00:00+00:00,0.5149157522138537,7534849.006548512,794584.4705123894
83,2020-12-06 00:00:00+00:00,0.5171779614104509,7811649.73943008,925851.8526590244
84,2020-12-07 00:00:00+00:00,0.5239017068323119,8033595.80304529,855556.0289444539
85,2020-12-08 00:00:00+00:00,0.5513853795252385,8899274.13447898,1821294.2486549004
86,2020-12-09 00:00:00+00:00,0.6381893548199318,12553955.300116315,13616458.463947847
87,2020-12-10 00:00:00+00:00,0.6115779298741999,11402289.351496084,3096667.814253312
88,2020-12-11 00:00:00+00:00,0.6344238843111767,12157228.359825598,3208196.060763964
89,2020-12-12 00:00:00+00:00,0.6167890864227584,11946205.324436154,3108764.235445388
90,2020-12-13 00:00:00+00:00,0.6658866377007723,13756336.154842984,3881495.133122671
91,2020-12-14 00:00:00+00:00,0.7137252981373843,15911354.755161935,5569420.601884148
92,2020-12-15 00:00:00+00:00,0.6951632253074135,15124223.040003505,3074679.2838506866
93,2020-12-16 00:00:00+00:00,0.6745038142537049,13956739.389404569,2299143.1116314824
94,2020-12-17 00:00:00+00:00,0.6605662033910787,13796651.180600388,1866555.711402899
95,2020-12-18 00:00:00+00:00,0.649315848956451,13060662.31857307,2034310.44647561
96,2020-12-19 00:00:00+00:00,0.6304657464837377,12070647.476979049,1384152.2020436288
97,2020-12-20 00:00:00+00:00,0.6397487146366917,12552305.412327234,1533477.3838986158
98,2020-12-21 00:00:00+00:00,0.6216554272951619,12075273.177939853,1446721.9003838596
99,2020-12-22 00:00:00+00:00,0.6079238956732265,11429537.23071441,1323554.0199845089
100,2020-12-23 00:00:00+00:00,0.6162965418550563,11474290.77687701,1223898.3785589826
101,2020-12-24 00:00:00+00:00,0.5989482914852864,11748046.4304707,932190.5359024936
102,2020-12-25 00:00:00+00:00,0.6262502939693957,12143620.73108545,1123895.1867123116
103,2020-12-26 00:00:00+00:00,0.620216777977393,11816903.010117237,753290.3131534175
104,2020-12-27 00:00:00+00:00,0.6064242646696223,11366253.86846876,987309.4406542834
105,2020-12-28 00:00:00+00:00,0.6066070696063535,11484510.78041641,861094.4930867914
106,2020-12-29 00:00:00+00:00,0.5999611635332369,11041939.34732354,1205637.473947493
107,2020-12-30 00:00:00+00:00,0.5908885216076917,10472747.687712137,985849.7583897228
108,2020-12-31 00:00:00+00:00,0.5821996732099937,10248572.307848075,1190183.4511148678
109,2021-01-01 00:00:00+00:00,0.5737683577457648,10196226.313627165,731348.1439319148
110,2021-01-02 00:00:00+00:00,0.5776772585138555,10308056.3107959,1069978.667220109
111,2021-01-03 00:00:00+00:00,0.6089866217044866,11396469.670710508,1764298.4770533994
112,2021-01-04 00:00:00+00:00,0.5914766851879266,10812650.63590506,1449062.4058945111
113,2021-01-05 00:00:00+00:00,0.5659856001255973,10161947.534276713,1596574.486609858
114,2021-01-06 00:00:00+00:00,0.567466645719136,10023282.701895488,1219022.2304439584
115,2021-01-07 00:00:00+00:00,0.5530178030083583,9245176.110305486,1263708.2471207385
116,2021-01-08 00:00:00+00:00,0.5320232931882074,8485753.662122855,1325968.1642695183
117,2021-01-09 00:00:00+00:00,0.5395171273898572,8734578.53751937,1040277.8969149376
118,2021-01-10 00:00:00+00:00,0.5499505225848373,9043878.331771543,1041945.1485844342
119,2021-01-11 00:00:00+00:00,0.5359103989768528,8922377.642795414,1403057.9184937684
120,2021-01-12 00:00:00+00:00,0.5312507187124469,8494659.571562622,1429836.349655136
121,2021-01-13 00:00:00+00:00,0.5192075035619833,8295631.250106091,574390.5330236653
122,2021-01-14 00:00:00+00:00,0.5243982621426078,8312189.269271205,817728.4914175365
123,2021-01-15 00:00:00+00:00,0.5311772262690628,8523764.302681783,1582798.0168167604
124,2021-01-16 00:00:00+00:00,0.5296165458688791,8535199.68238631,1105113.9439761492
125,2021-01-17 00:00:00+00:00,0.5447348012413377,8821689.009998344,1040836.6456832072
126,2021-01-18 00:00:00+00:00,0.5321782884083085,8606216.91274277,1080076.04143646
127,2021-01-19 00:00:00+00:00,0.5336742743116761,8729777.921025438,1369189.7579381156
128,2021-01-20 00:00:00+00:00,0.5406508466851075,9006785.828003453,992400.7238849672
129,2021-01-21 00:00:00+00:00,0.5503804062585355,9223089.513078852,874662.6452214894
130,2021-01-22 00:00:00+00:00,0.5528064779781083,9975856.977423226,2599933.2077370053
131,2021-01-23 00:00:00+00:00,0.5746062664068139,10152876.094337758,1007485.5739613742
132,2021-01-24 00:00:00+00:00,0.5852114220272705,10393689.394336382,1171139.8530197283
133,2021-01-25 00:00:00+00:00,0.6042201167543201,10949328.500477282,1491240.281020196
134,2021-01-26 00:00:00+00:00,0.5848982649224209,10878780.440362204,1152422.3415028749
135,2021-01-27 00:00:00+00:00,0.6162948647552472,12146918.995916115,2256366.347153764
136,2021-01-28 00:00:00+00:00,0.6216912532217272,12601753.270086044,1854405.9263661264
137,2021-01-29 00:00:00+00:00,0.7007661775011502,15785724.639590709,6459390.457279532
138,2021-01-30 00:00:00+00:00,0.6902923577728666,14934937.563105203,2597061.717516673
139,2021-01-31 00:00:00+00:00,0.6749073849633304,14281583.439295627,1515773.4228327628
140,2021-02-01 00:00:00+00:00,0.6589400904192877,13482826.135754148,1344999.4950939636
141,2021-02-02 00:00:00+00:00,0.6702971718864207,13876604.594340364,1330840.1884682025
142,2021-02-03 00:00:00+00:00,0.6685594417560385,14224757.233327948,1587301.4377210287
143,2021-02-04 00:00:00+00:00,0.6853354717539868,14600039.882095937,1424270.8850670755
144,2021-02-05 00:00:00+00:00,0.6975773502533957,15231340.529637787,1350894.494115674
145,2021-02-06 00:00:00+00:00,0.7459874800750551,17393104.89462417,3066603.3058135603
146,2021-02-07 00:00:00+00:00,0.7508562002662337,17915017.668851744,2368416.657360984
147,2021-02-08 00:00:00+00:00,0.807129294747107,20259400.248047862,3880830.806358041
148,2021-02-09 00:00:00+00:00,0.8193048247753998,21004640.502160195,2415909.6263192752
149,2021-02-10 00:00:00+00:00,0.8209441136189409,21026627.60887618,2292225.749673712
150,2021-02-11 00:00:00+00:00,0.8352796797744,21652504.87167867,3165227.0495422804
151,2021-02-12 00:00:00+00:00,0.893842578527584,24613876.99703222,3707441.848962849
152,2021-02-13 00:00:00+00:00,0.9440615550309972,27359418.69047521,4122379.8578952486
153,2021-02-14 00:00:00+00:00,1.057535353809863,34521808.479767784,7778354.427597486
154,2021-02-15 00:00:00+00:00,1.2410119149203638,46582250.14243645,17337728.44867639
155,2021-02-16 00:00:00+00:00,1.1587550989272275,41587599.37551868,8576317.503825063
156,2021-02-17 00:00:00+00:00,1.1943248767986774,43193855.46370198,6693276.349033678
157,2021-02-18 00:00:00+00:00,1.1861178209253285,43205362.43049022,5586369.441770081
158,2021-02-19 00:00:00+00:00,1.2408681928505183,46338908.21590855,5982363.967354469
159,2021-02-20 00:00:00+00:00,1.2159082128305114,45422250.06593879,5584980.257065283
160,2021-02-21 00:00:00+00:00,1.28897808397502,50192561.41315791,9013492.011443004
161,2021-02-22 00:00:00+00:00,1.3037984724873104,51764185.67106838,4829951.228004851
162,2021-02-23 00:00:00+00:00,1.262151596407208,47196624.461066045,8802698.105690615
163,2021-02-24 00:00:00+00:00,1.2031709643119544,44081005.569704406,9735363.190393986
164,2021-02-25 00:00:00+00:00,1.393680961063223,56429595.13407172,10957536.605070788
165,2021-02-26 00:00:00+00:00,1.4081777680715195,60141535.45792116,15865659.384619072
166,2021-02-27 00:00:00+00:00,1.4488750656829754,62562305.34535297,9637925.854357189
167,2021-02-28 00:00:00+00:00,1.450091513790028,62308000.589411184,6818415.284608457
168,2021-03-01 00:00:00+00:00,1.4746663766599453,61905728.28512404,12067355.555910852
169,2021-03-02 00:00:00+00:00,1.6107406546676593,72256382.36737578,18784714.4287138
170,2021-03-03 00:00:00+00:00,1.658606327010402,77672051.37814966,35719752.74255111
171,2021-03-04 00:00:00+00:00,1.624096776512128,74877248.64192872,19135749.4447136
172,2021-03-05 00:00:00+00:00,1.657314086911321,77895220.31194778,40606187.0973819
173,2021-03-06 00:00:00+00:00,1.590990289050477,72163539.9161347,28719033.08958713
174,2021-03-07 00:00:00+00:00,1.444007542550119,62576121.32735406,27097720.08000372
175,2021-03-08 00:00:00+00:00,1.427532036146404,60533764.0068733,22714523.63200422
176,2021-03-09 00:00:00+00:00,1.440502119509256,61012485.05196212,24072074.771040708
177,2021-03-10 00:00:00+00:00,1.4955754746585403,64600282.067196,26964799.198064115
178,2021-03-11 00:00:00+00:00,1.411711702923064,59711558.77042017,24808719.97321215
179,2021-03-12 00:00:00+00:00,1.3636552971230835,55849102.935092255,21739113.815433454
180,2021-03-13 00:00:00+00:00,1.4497787589617586,61014993.54150797,25806886.10942068
181,2021-03-14 00:00:00+00:00,1.568431596822382,72368526.81094633,36509138.127530985
182,2021-03-15 00:00:00+00:00,1.7447005641269782,93014960.54099782,58350427.60923338
183,2021-03-16 00:00:00+00:00,1.6360151946052623,83173243.61421363,39847997.127157256
184,2021-03-17 00:00:00+00:00,1.6037729888935448,79715772.40755953,20363030.472694
185,2021-03-18 00:00:00+00:00,1.5865824680919216,77595452.85198171,22523899.475291062
186,2021-03-19 00:00:00+00:00,1.5380118597549943,75048659.44415788,16808113.114822604
187,2021-03-20 00:00:00+00:00,1.5252426331981743,73802837.23083122,17368576.830725893
188,2021-03-21 00:00:00+00:00,1.5122563427636868,72560697.48618513,15734288.850842075
189,2021-03-22 00:00:00+00:00,1.4551086406296223,69129231.71087094,15001441.191136856
190,2021-03-23 00:00:00+00:00,1.426444933215329,66739642.78756844,16286451.165702134
191,2021-03-24 00:00:00+00:00,1.3959832594652744,63826622.73261378,17858741.67591437
192,2021-03-25 00:00:00+00:00,1.3971560112086745,63759049.33899809,16939772.46473614
193,2021-03-26 00:00:00+00:00,1.3623989194430532,60505653.587366745,16296047.929998249
194,2021-03-27 00:00:00+00:00,1.376353799603092,61739239.86361659,13661690.27586346
195,2021-03-28 00:00:00+00:00,1.385230552074758,62455827.04137806,12044674.26137776
196,2021-03-29 00:00:00+00:00,1.4117503459418277,64063095.62181256,17675663.64784354
197,2021-03-30 00:00:00+00:00,1.4195295967475707,65182734.30585109,15111776.923090288
198,2021-03-31 00:00:00+00:00,1.4593670717754978,67612117.70202857,14604892.232323438
199,2021-04-01 00:00:00+00:00,1.4027891427279615,64165715.24269895,15371397.905395854
200,2021-04-02 00:00:00+00:00,1.379233105918367,62853163.20161887,12568675.424731247
201,2021-04-03 00:00:00+00:00,1.3583680169326209,60935440.38005362,16231132.70124
202,2021-04-04 00:00:00+00:00,1.2864709205609546,56895855.50885469,15800696.074510347
203,2021-04-05 00:00:00+00:00,1.342777956504673,58387835.05652647,11507840.03060098
204,2021-04-06 00:00:00+00:00,1.3125729498094398,56811938.13948931,13445717.43407802
205,2021-04-07 00:00:00+00:00,1.2642594281623556,53697383.62553511,26999804.51939379
206,2021-04-08 00:00:00+00:00,1.2258083569446736,50916374.93534754,33128882.837788712
207,2021-04-09 00:00:00+00:00,1.23441698219087,50854513.049100526,32635464.638391227
208,2021-04-10 00:00:00+00:00,1.209236947246601,49965453.53288541,25799059.774015725
209,2021-04-11 00:00:00+00:00,1.2152161265963757,50011848.0921016,29330784.18814206
210,2021-04-12 00:00:00+00:00,1.2527496309794877,52251299.33339639,37635053.47849343
211,2021-04-13 00:00:00+00:00,1.2221976966310404,50492617.81930909,29543493.96099502
212,2021-04-14 00:00:00+00:00,1.2088751888575089,49217245.0393777,23744525.55007936
213,2021-04-15 00:00:00+00:00,1.188522620496235,47723102.91801672,30190353.36028694
214,2021-04-16 00:00:00+00:00,1.2209168054343982,49680162.79385696,31084550.154714823
215,2021-04-17 00:00:00+00:00,1.1636215929315266,46838284.76097484,30791281.76470021
216,2021-04-18 00:00:00+00:00,1.183494054847511,47666071.86392014,27806567.943738654
217,2021-04-19 00:00:00+00:00,1.110865780303958,43274250.09674432,43520368.42042788
218,2021-04-20 00:00:00+00:00,1.081713078606768,41331357.94179966,26798847.84654274
219,2021-04-21 00:00:00+00:00,1.116536361990067,42224369.524388775,35614285.864776246
220,2021-04-22 00:00:00+00:00,1.0737359823841526,40818237.57453011,28572684.92994346
221,2021-04-23 00:00:00+00:00,1.0688128854833212,40354066.83660144,34708956.49546006
222,2021-04-24 00:00:00+00:00,1.036992058728374,38045631.56102848,41767080.08553639
223,2021-04-25 00:00:00+00:00,1.0257105903804566,37438145.50685124,25634238.39151356
224,2021-04-26 00:00:00+00:00,1.0264028165526748,37484832.32584535,29822916.64261117
225,2021-04-27 00:00:00+00:00,1.0731126591447215,40150888.14188746,40256909.59186927
226,2021-04-28 00:00:00+00:00,1.132889723651453,44154013.74617118,52844689.82886513
227,2021-04-29 00:00:00+00:00,1.3532506700169016,59446136.45674129,123360361.95916796
228,2021-04-30 00:00:00+00:00,1.3483137673041352,58694204.25771252,88176017.66414315
229,2021-05-01 00:00:00+00:00,1.4097903355406134,64218381.87326882,81745036.42855461
230,2021-05-02 00:00:00+00:00,1.38673717832077,62517939.40410682,54052974.600673296
231,2021-05-03 00:00:00+00:00,1.5266863049184587,73312978.89543223,99754690.26841336
232,2021-05-04 00:00:00+00:00,1.7588579249199054,97050994.24892128,235427205.5519285
233,2021-05-05 00:00:00+00:00,1.5996810997980455,81208446.11312704,131773364.36221698
234,2021-05-06 00:00:00+00:00,1.5705113413275318,78215524.40482265,80411079.12401803
235,2021-05-07 00:00:00+00:00,1.4592932591521093,69617517.0414904,53813330.457525454
236,2021-05-08 00:00:00+00:00,1.4330309065655114,66117556.63435472,58515344.8763189
237,2021-05-09 00:00:00+00:00,1.5049855969958934,70342976.27498566,76075180.34325323
238,2021-05-10 00:00:00+00:00,1.4389304716697635,67687651.84769471,65822489.08670198
239,2021-05-11 00:00:00+00:00,1.369605089726449,62746098.22780323,65292765.66112602
240,2021-05-12 00:00:00+00:00,1.3784616441290964,62564261.667215824,53836431.76589737
241,2021-05-13 00:00:00+00:00,1.352096496033771,63282614.39774668,115577202.59070311
242,2021-05-14 00:00:00+00:00,1.2778104624062183,56222659.63388679,73625415.26343508
243,2021-05-15 00:00:00+00:00,1.3564348988863102,60366898.443097286,55281299.05298464
244,2021-05-16 00:00:00+00:00,1.310261166539146,58486611.48354948,57182582.69565776
245,2021-05-17 00:00:00+00:00,1.3453396441542569,59229382.86780471,48529742.11351339
246,2021-05-18 00:00:00+00:00,1.3191211261003324,58096807.21694552,61309075.455504455
247,2021-05-19 00:00:00+00:00,1.3436822083045084,59541438.27425118,48118060.21150789
248,2021-05-20 00:00:00+00:00,1.1647549899028056,47457143.64786634,101232556.26740794
249,2021-05-21 00:00:00+00:00,1.2103737803651038,49140302.93573579,63586487.11073195
250,2021-05-22 00:00:00+00:00,1.1428611386380911,45075897.99002784,52321607.02935048
251,2021-05-23 00:00:00+00:00,1.0855546498695523,41891296.708308026,47329314.86323128
252,2021-05-24 00:00:00+00:00,1.0434302676700282,38508048.69503765,50278390.61773598
253,2021-05-25 00:00:00+00:00,1.0769021575550608,39985452.99065118,42868509.995846525
254,2021-05-26 00:00:00+00:00,1.0766628209982918,40198638.43285465,43778390.21184433
255,2021-05-27 00:00:00+00:00,1.1321321272056188,43311403.13845274,51656092.382411376
256,2021-05-28 00:00:00+00:00,1.1556530685798323,45718462.72249515,60152661.13131989
257,2021-05-29 00:00:00+00:00,1.1148587262761882,42947246.28031144,38950790.82406771
258,2021-05-30 00:00:00+00:00,1.0781404990797396,41311901.13584942,40119044.4596656
259,2021-05-31 00:00:00+00:00,1.0803621540329382,41012291.055003546,32864902.563892476
260,2021-06-01 00:00:00+00:00,1.094440553173917,41304187.8789376,34344541.860765524
261,2021-06-02 00:00:00+00:00,1.067634766959828,40208920.265684165,28563349.748340823
262,2021-06-03 00:00:00+00:00,1.0675657809585453,40151662.03394576,27757618.80484601
263,2021-06-04 00:00:00+00:00,1.0777474192916787,40670537.81893496,27772658.82734155
264,2021-06-05 00:00:00+00:00,1.0573426164900497,39526940.3558748,33254234.97435398
265,2021-06-06 00:00:00+00:00,1.0403467614367434,38523982.52593687,21305387.788815398
266,2021-06-07 00:00:00+00:00,1.0432245719704092,38692791.80712535,18423724.33679801
267,2021-06-08 00:00:00+00:00,1.023293238207739,37936292.103324205,20016667.441643298
268,2021-06-09 00:00:00+00:00,1.0305867894174303,37234961.28703367,24916640.2676654
269,2021-06-10 00:00:00+00:00,1.0447482846363525,38509221.48253797,26047727.500369247
270,2021-06-11 00:00:00+00:00,1.0266588286279177,37988448.66777568,20105005.79352601
271,2021-06-12 00:00:00+00:00,1.069099082932121,40273810.26116373,36907676.93204459
272,2021-06-13 00:00:00+00:00,1.0469896612999785,38865654.88324772,22733947.227911647
273,2021-06-14 00:00:00+00:00,1.0521754813386126,38638604.34052271,21124133.35159313
274,2021-06-15 00:00:00+00:00,1.0649232689465626,39682094.60557956,24363319.622852948
275,2021-06-16 00:00:00+00:00,1.060950662524908,39676075.84721021,18865875.15146718
276,2021-06-17 00:00:00+00:00,1.0439809107749272,38598707.79496534,15342758.99153445
277,2021-06-18 00:00:00+00:00,1.0558715220764865,39042777.57314701,16844757.868687242
278,2021-06-19 00:00:00+00:00,1.0293587258357575,37860644.56228001,17121867.39318017
279,2021-06-20 00:00:00+00:00,1.025081745390277,37550429.05107234,16153795.6746864
280,2021-06-21 00:00:00+00:00,1.0355231822806128,37708940.90790416,18163599.00402536
281,2021-06-22 00:00:00+00:00,0.9489264527763946,33877162.376684755,27355364.84723125
282,2021-06-23 00:00:00+00:00,0.943773918038834,32428465.966750767,41198722.76889199
283,2021-06-24 00:00:00+00:00,0.9867102251586224,34669236.11877468,21610386.06205056
284,2021-06-25 00:00:00+00:00,0.9726667374771092,34049450.13980342,16071559.386761967
285,2021-06-26 00:00:00+00:00,0.9582384686842176,33320793.518432844,17745835.915796354
286,2021-06-27 00:00:00+00:00,0.959186375371296,33092298.471513595,19914465.43566896
287,2021-06-28 00:00:00+00:00,0.9605461374272292,33302717.150293067,19304714.34502764
288,2021-06-29 00:00:00+00:00,0.9571919501710072,33308990.2739012,17828314.6551222
289,2021-06-30 00:00:00+00:00,0.9598855762857464,33533384.850721445,14102035.30467816
290,2021-07-01 00:00:00+00:00,0.9727242392077424,33984981.50625344,15878826.357794715
291,2021-07-02 00:00:00+00:00,0.9754899573749378,34225722.14835948,17727858.947643485
292,2021-07-03 00:00:00+00:00,0.9881869001629688,34695275.81651096,21946651.871181548
293,2021-07-04 00:00:00+00:00,0.9701991868295292,34168645.34625181,12515018.19969437
294,2021-07-05 00:00:00+00:00,0.979193631873008,34796303.91893927,14644633.180748282
295,2021-07-06 00:00:00+00:00,0.9722163361728636,34547818.979191735,13142756.62844466
296,2021-07-07 00:00:00+00:00,1.0049951773749135,35951704.40002384,21169532.24522236
297,2021-07-08 00:00:00+00:00,1.0384984294630506,38571900.97588515,30993426.834121555
298,2021-07-09 00:00:00+00:00,1.010741950316865,36630688.502706975,20136540.932347924
299,2021-07-10 00:00:00+00:00,1.021592782768744,36984848.16586504,15862901.497911768
300,2021-07-11 00:00:00+00:00,1.034470691306349,37983054.18002231,17603954.561877176
301,2021-07-12 00:00:00+00:00,1.035174843050465,38461192.75467909,18441060.7193877
302,2021-07-13 00:00:00+00:00,1.0107923192149668,36874586.214669496,14164384.43356837
303,2021-07-14 00:00:00+00:00,1.0359225209969647,38851481.80952752,17497592.879437182
304,2021-07-15 00:00:00+00:00,1.0609036292751446,40512703.29090429,32977591.631581407
305,2021-07-16 00:00:00+00:00,1.1656445299398874,48656343.06572547,79291477.86979356
306,2021-07-17 00:00:00+00:00,1.1156416972541718,44424275.42783464,36137218.84305303
307,2021-07-18 00:00:00+00:00,1.107895108545525,44426825.90812757,27783937.62390657
308,2021-07-19 00:00:00+00:00,1.128447873619491,45552675.70910766,23196651.72305397
309,2021-07-20 00:00:00+00:00,1.095443848400521,43326321.08528318,14531069.15537391
310,2021-07-21 00:00:00+00:00,1.07361722159366,41711509.74003986,23094143.96770285
311,2021-07-22 00:00:00+00:00,1.0996926557041722,43351231.545377046,22444514.858730327
312,2021-07-23 00:00:00+00:00,1.1145220166322858,44352237.06578148,22694352.007225662
313,2021-07-24 00:00:00+00:00,1.1273281317343564,45061047.390635855,20607230.191524874
314,2021-07-25 00:00:00+00:00,1.178002522141588,48842194.10955992,33595709.39941511
315,2021-07-26 00:00:00+00:00,1.368913449783144,61740405.903776176,57922292.16856141
316,2021-07-27 00:00:00+00:00,1.460299906187665,69932827.47703385,77635457.25106396
317,2021-07-28 00:00:00+00:00,1.775825764616746,98375412.82999308,157557152.85959303
318,2021-07-29 00:00:00+00:00,1.8173080705493925,102557650.1984872,122470695.55597748
319,2021-07-30 00:00:00+00:00,1.6549857707277442,87778348.30404924,63348922.593925335
320,2021-07-31 00:00:00+00:00,1.594431443929241,81484311.2482074,48851320.644673415
321,2021-08-01 00:00:00+00:00,1.6044891658330236,83356750.14411283,46884129.80368313
322,2021-08-02 00:00:00+00:00,1.698001220801185,92691429.96723038,78993714.23451361
323,2021-08-03 00:00:00+00:00,1.9339216524159133,113910843.5179044,121412706.77067327
324,2021-08-04 00:00:00+00:00,1.907102460925557,110193277.13332511,70280375.65034263
325,2021-08-05 00:00:00+00:00,1.959884815704947,116477012.2031725,62008412.90125018
326,2021-08-06 00:00:00+00:00,1.8977432765637787,111478474.19840306,65885739.2039406
327,2021-08-07 00:00:00+00:00,1.8586244927918043,107350226.42980504,49359489.7464416
328,2021-08-08 00:00:00+00:00,1.816430911571309,102511888.56907682,46243432.24923327
329,2021-08-09 00:00:00+00:00,1.7460703619693454,97377812.99552812,39334086.96372192
330,2021-08-10 00:00:00+00:00,1.7859361015553423,99049599.3517324,42759967.04938446
331,2021-08-11 00:00:00+00:00,1.8403326337794148,104290352.85705836,54028845.25339568
332,2021-08-12 00:00:00+00:00,1.8255680019938088,103866474.0490562,53566226.75907133
333,2021-08-13 00:00:00+00:00,1.8905150725641389,109880355.56601489,67525390.65876313
334,2021-08-14 00:00:00+00:00,2.131929167997139,134167965.88185193,101968503.069037
335,2021-08-15 00:00:00+00:00,2.2026469052020023,141299921.1252576,114542578.81313638
336,2021-08-16 00:00:00+00:00,2.156303589863884,137586472.4169312,59581855.65480567
337,2021-08-17 00:00:00+00:00,2.098130825522119,131524142.6345784,37036790.770767935
338,2021-08-18 00:00:00+00:00,2.0674182510628123,128727236.97534253,48862085.3095448
339,2021-08-19 00:00:00+00:00,1.9920987584267955,120098623.96820386,43776938.19897053
340,2021-08-20 00:00:00+00:00,2.245722027267713,142601782.92389417,109035357.23810044
341,2021-08-21 00:00:00+00:00,2.153646933513956,136258420.70831057,87284386.27551967
342,2021-08-22 00:00:00+00:00,2.0980560393188865,131253236.14511111,44923897.066473655
343,2021-08-23 00:00:00+00:00,2.0678625269930104,127797441.6763733,38536101.36996531
344,2021-08-24 00:00:00+00:00,2.0917626990489486,130133760.4222961,45577357.14500964
345,2021-08-25 00:00:00+00:00,2.0064679213835874,123578791.67457142,37270937.01014206
346,2021-08-26 00:00:00+00:00,1.997941564110845,120230015.42939617,52292112.63109675
347,2021-08-27 00:00:00+00:00,2.0936786121358844,131656352.56353192,89238911.21469648
348,2021-08-28 00:00:00+00:00,2.055554297750221,125788492.58184227,49652685.87599045
349,2021-08-29 00:00:00+00:00,1.9968021846468025,120663815.03838374,33238738.74044057
350,2021-08-30 00:00:00+00:00,1.986088695708388,119467437.92476046,35687429.110929385
351,2021-08-31 00:00:00+00:00,1.962212367233447,117641181.78263284,49235824.02714284
352,2021-09-01 00:00:00+00:00,1.9135243258163883,112923430.27697691,37515814.545820594
353,2021-09-02 00:00:00+00:00,1.8875733998149464,109403734.56318852,43016677.60499689
354,2021-09-03 00:00:00+00:00,1.8615279804534348,107720035.70433068,31892724.89344722
355,2021-09-04 00:00:00+00:00,1.8462056482233244,106250262.52074108,30626301.872351184
356,2021-09-05 00:00:00+00:00,1.9025533930862748,110188907.41447902,43307405.71506742
357,2021-09-06 00:00:00+00:00,1.847994678540048,107131414.95809174,29647028.216893155
358,2021-09-07 00:00:00+00:00,1.88110263652618,108836755.23830052,35014522.49570051
359,2021-09-08 00:00:00+00:00,1.771440278665896,99628055.07155806,41623252.01435387
360,2021-09-09 00:00:00+00:00,1.73465814433767,96104800.17948604,36248175.65095957
361,2021-09-10 00:00:00+00:00,1.7477819142253852,96976102.57740287,35731267.30203555
362,2021-09-11 00:00:00+00:00,1.7188126776901709,94609057.634955,33159357.59375597
363,2021-09-12 00:00:00+00:00,1.7147046285263754,93937071.80978388,28548513.1239157
364,2021-09-13 00:00:00+00:00,1.7454078393474874,96997714.89691427,30104816.61282767
365,2021-09-14 00:00:00+00:00,1.7083466905336946,94155726.8959777,31815387.710303716
366,2021-09-15 00:00:00+00:00,1.71118490121089,94342506.46432704,25094219.703435604
367,2021-09-16 00:00:00+00:00,1.7350960385292296,95782477.31143329,22736295.925834782
368,2021-09-17 00:00:00+00:00,1.74603707614748,96904416.52497493,30971013.670088436
369,2021-09-18 00:00:00+00:00,1.742376486728244,96752789.14729616,32197291.65545534
370,2021-09-19 00:00:00+00:00,1.726759892720465,95342749.59371094,26192694.28094124
371,2021-09-20 00:00:00+00:00,1.687299494591337,92640921.93437572,21688106.07241451
372,2021-09-21 00:00:00+00:00,1.6297864259775776,87521231.24326168,75336609.97081642
373,2021-09-22 00:00:00+00:00,1.629632123730157,86486430.2197518,61983199.744109645
374,2021-09-23 00:00:00+00:00,1.6570437433167513,88578452.57068145,29213688.23864316
375,2021-09-24 00:00:00+00:00,1.653134348714462,89087770.16993277,31051091.473812435
376,2021-09-25 00:00:00+00:00,1.6022452941392522,85370501.01245996,26332693.59077403
377,2021-09-26 00:00:00+00:00,1.5824414225807009,83131220.66753753,35898296.57081045
378,2021-09-27 00:00:00+00:00,1.601572274315633,83889601.39610395,29752779.182794586
379,2021-09-28 00:00:00+00:00,1.5672234299518948,82387281.54296342,27992712.527580004
380,2021-09-29 00:00:00+00:00,1.5555237474427055,81380016.2717827,31601247.537445284
381,2021-09-30 00:00:00+00:00,1.5731899777307552,82190605.16726212,33183505.47586529
382,2021-10-01 00:00:00+00:00,1.582309161170012,82468999.06519121,32226627.75020845
383,2021-10-02 00:00:00+00:00,1.624997827387596,86289088.51578997,34364865.07037088
384,2021-10-03 00:00:00+00:00,1.6236134223565433,86184598.1540942,23755707.211102508
385,2021-10-04 00:00:00+00:00,1.6343205876110212,86999105.44383763,21608552.747828983
386,2021-10-05 00:00:00+00:00,1.681120495914824,93115637.45778105,48267099.71628995
387,2021-10-06 00:00:00+00:00,1.697706514330613,93523130.1437345,27715327.433817256
388,2021-10-07 00:00:00+00:00,1.654585149704313,89867097.10593195,24033466.6029315
389,2021-10-08 00:00:00+00:00,1.6563801941045684,89696456.94571379,21391387.26439528
390,2021-10-09 00:00:00+00:00,1.6442376711949145,89422606.18690515,20346945.59363448
391,2021-10-10 00:00:00+00:00,1.6667611792001091,90425580.6655149,18896397.152179737
392,2021-10-11 00:00:00+00:00,1.6497271409482044,89570917.47103147,18488003.81681136
393,2021-10-12 00:00:00+00:00,1.6466320394847496,89315882.56864803,22826960.71908352
394,2021-10-13 00:00:00+00:00,1.6306139267305109,87780604.89091699,23984765.84923693
395,2021-10-14 00:00:00+00:00,1.673103349648495,90393906.7517468,24159222.00656088
396,2021-10-15 00:00:00+00:00,1.6633814872743302,90525275.61047453,23783446.524352346
397,2021-10-16 00:00:00+00:00,1.707714510299687,93213854.60981178,35205456.06745715
398,2021-10-17 00:00:00+00:00,1.7266053443543508,95376335.65640682,26168987.2038972
399,2021-10-18 00:00:00+00:00,1.7353399369783309,96259466.40439469,20802537.95818516
400,2021-10-19 00:00:00+00:00,1.7993197249104826,103528578.29989836,149464521.2199046
401,2021-10-20 00:00:00+00:00,1.7696051447130896,100355480.96369924,32554561.50223676
402,2021-10-21 00:00:00+00:00,1.797894057216669,102837969.57754484,26156475.99985568
403,2021-10-22 00:00:00+00:00,1.784664234927216,102265381.88093431,24039696.787353627
404,2021-10-23 00:00:00+00:00,1.8149359964571816,103983449.1622264,22811676.18265477
405,2021-10-24 00:00:00+00:00,1.8529248510582617,107683717.58309932,27459824.71287056
406,2021-10-25 00:00:00+00:00,1.853835097524501,108467938.526359,24496705.91630432
407,2021-10-26 00:00:00+00:00,1.928408395722696,113906187.36899596,28952879.421217
408,2021-10-27 00:00:00+00:00,1.985753103800904,120458790.07889828,48115690.03089925
409,2021-10-28 00:00:00+00:00,2.1203521584343545,135765077.03102115,138050708.76998153
410,2021-10-29 00:00:00+00:00,2.0706223105608705,130895500.73407143,70832166.5915224
411,2021-10-30 00:00:00+00:00,2.3010630223836017,156335748.42814943,109967544.92590626
412,2021-10-31 00:00:00+00:00,2.502607519294931,175731386.41429934,108592342.53929695
413,2021-11-01 00:00:00+00:00,2.3310456577747303,161539932.5828528,100491024.47473636
414,2021-11-02 00:00:00+00:00,2.299485354068008,158030383.71525607,47030890.62415156
415,2021-11-03 00:00:00+00:00,2.319415491341131,158843262.32708547,59491077.70717383
416,2021-11-04 00:00:00+00:00,2.296080883243361,156656472.68218893,35562235.305698775
417,2021-11-05 00:00:00+00:00,2.401675508307414,161910256.29840553,46203454.89264756
418,2021-11-06 00:00:00+00:00,2.2719836938659737,152196718.0662782,28326033.13650085
419,2021-11-07 00:00:00+00:00,2.2515818230766254,148703976.45127285,23896324.526765343
420,2021-11-08 00:00:00+00:00,2.2241357931451478,146699387.13756302,19498500.29002829
421,2021-11-09 00:00:00+00:00,2.187328733553102,144079790.8295335,18721424.779591244
422,2021-11-10 00:00:00+00:00,2.200391420499236,144412082.711455,21347553.551159017
423,2021-11-11 00:00:00+00:00,2.145390473433104,138728775.81159118,30877572.50999731
424,2021-11-12 00:00:00+00:00,2.20250724033932,142198165.79982275,27359053.51611518
